team,player_id,adjusted_value,Team,Net EPA,Win %,Player,Position,Cap_Space,year,merge_player_x,fuzzy_matched_player,final_player_name,Unnamed: 0,player,team_name,position,attempts,avoided_tackles,breakaway_attempts,breakaway_percent,breakaway_yards,declined_penalties,designed_yards,drops,elu_recv_mtf,elu_rush_mtf,elu_yco,elusive_rating,explosive,first_downs,franchise_id,fumbles,gap_attempts,grades_hands_fumble,grades_offense,grades_offense_penalty,grades_pass,grades_pass_block,grades_pass_route,grades_run,grades_run_block,longest,penalties,rec_yards,receptions,routes,run_plays,scramble_yards,scrambles,targets,total_touches,touchdowns,yards,yards_after_contact,yco_attempt,ypa,yprr,zone_attempts,Year,weighted_grade,weighted_average_grade,merge_player_y
49ers,00-0020508,14.506160765158048,49ers,-0.03,37.50%,Moran Norris,RB,1.770189430894309,2010.0,moran norris,,moran norris,,,,,,,,,,,,,,,,,,,,,,,,,,,,,,,,,,,,,,,,,,,,,,,,,,
Broncos,00-0026323,34.68436657275694,Broncos,-0.13,25.00%,Spencer Larsen,RB,0.4019357723577236,2010.0,spencer larsen,spencer ware,spencer ware,,,,,,,,,,,,,,,,,,,,,,,,,,,,,,,,,,,,,,,,,,,,,,,,,,
Browns,00-0025573,30.01517274223616,Browns,-0.12,31.30%,Thomas Clayton,RB,0.0718699186991869,2010.0,thomas clayton,thomas clayton,thomas clayton,,,,,,,,,,,,,,,,,,,,,,,,,,,,,,,,,,,,,,,,,,,,,,,,,,
Buccaneers,00-0023440,330.4526796849577,Buccaneers,0.05,62.50%,Carnell Williams,RB,1.8726829268292684,2010.0,carnell williams,darrel williams,darrel williams,,,,,,,,,,,,,,,,,,,,,,,,,,,,,,,,,,,,,,,,,,,,,,,,,,
Cardinals,00-0025568,32.40786246757925,Cardinals,-0.21,31.30%,Reagan Maui'a,RB,0.3821138211382114,2010.0,reagan mauia,,reagan mauia,,,,,,,,,,,,,,,,,,,,,,,,,,,,,,,,,,,,,,,,,,,,,,,,,,
Cardinals,00-0027346,0.0,Cardinals,-0.21,31.30%,Alfonso Smith,RB,0.0718699186991869,2010.0,alfonso smith,alfonso smith,alfonso smith,,,,,,,,,,,,,,,,,,,,,,,,,,,,,,,,,,,,,,,,,,,,,,,,,,
Chargers,00-0026209,143.8846791039116,Chargers,0.24,56.30%,Jacob Hester,RB,0.5515951219512195,2010.0,jacob hester,,jacob hester,,,,,,,,,,,,,,,,,,,,,,,,,,,,,,,,,,,,,,,,,,,,,,,,,,
Chiefs,00-0025672,0.0,Chiefs,0.05,58.80%,Tim Castille,RB,0.4430894308943089,2010.0,tim castille,,tim castille,,,,,,,,,,,,,,,,,,,,,,,,,,,,,,,,,,,,,,,,,,,,,,,,,,
Chiefs,00-0027651,294.95011010669447,Chiefs,0.05,58.80%,Dexter McCluster,RB,0.7154471544715447,2010.0,dexter mccluster,dexter mccluster,dexter mccluster,,,,,,,,,,,,,,,,,,,,,,,,,,,,,,,,,,,,,,,,,,,,,,,,,,
Cowboys,00-0027423,0.0,Cowboys,0.0,37.50%,Lonyae Miller,RB,0.0765178861788618,2010.0,lonyae miller,lamar miller,lamar miller,,,,,,,,,,,,,,,,,,,,,,,,,,,,,,,,,,,,,,,,,,,,,,,,,,
Cowboys,00-0027423,0.0,Cowboys,0.0,37.50%,Lonyae Miller,RB,0.0718699186991869,2010.0,lonyae miller,lamar miller,lamar miller,,,,,,,,,,,,,,,,,,,,,,,,,,,,,,,,,,,,,,,,,,,,,,,,,,
Dolphins,00-0026344,24.680901037672893,Dolphins,-0.07,43.80%,Lex Hilliard,RB,0.3211382113821138,2010.0,lex hilliard,,lex hilliard,,,,,,,,,,,,,,,,,,,,,,,,,,,,,,,,,,,,,,,,,,,,,,,,,,
Dolphins,00-0022405,0.0,Dolphins,-0.07,43.80%,Lousaka Polite,RB,1.056910569105691,2010.0,lousaka polite,,lousaka polite,,,,,,,,,,,,,,,,,,,,,,,,,,,,,,,,,,,,,,,,,,,,,,,,,,
Eagles,00-0027218,0.0,Eagles,0.01,58.80%,Joique Bell,RB,0.2295544715447154,2010.0,joique bell,joique bell,joique bell,,,,,,,,,,,,,,,,,,,,,,,,,,,,,,,,,,,,,,,,,,,,,,,,,,
Falcons,00-0022143,21.262665175770437,Falcons,0.1,76.50%,Ovie Mughelli,RB,2.845528455284553,2010.0,ovie mughelli,,ovie mughelli,,,,,,,,,,,,,,,,,,,,,,,,,,,,,,,,,,,,,,,,,,,,,,,,,,
Giants,00-0025951,0.0,Giants,0.09,62.50%,Darius Reynaud,RB,0.3821138211382114,2010.0,darius reynaud,darius reynaud,darius reynaud,,,,,,,,,,,,,,,,,,,,,,,,,,,,,,,,,,,,,,,,,,,,,,,,,,
Jaguars,00-0026607,0.0,Jaguars,-0.1,50.00%,Brock Bolen,RB,0.3211382113821138,2010.0,brock bolen,brandon bolden,brandon bolden,,,,,,,,,,,,,,,,,,,,,,,,,,,,,,,,,,,,,,,,,,,,,,,,,,
Packers,00-0025578,28.191613752280865,Packers,0.18,70.00%,Korey Hall,RB,0.4704162601626016,2010.0,korey hall,,korey hall,,,,,,,,,,,,,,,,,,,,,,,,,,,,,,,,,,,,,,,,,,,,,,,,,,
Patriots,00-0019484,6.706183133524567,Patriots,0.22,82.40%,Sammy Morris,RB,1.1178861788617886,2010.0,sammy morris,sammy morris,sammy morris,,,,,,,,,,,,,,,,,,,,,,,,,,,,,,,,,,,,,,,,,,,,,,,,,,
Rams,00-0026712,0.0,Rams,-0.04,43.80%,Brit Miller,RB,0.2478235772357723,2010.0,brit miller,lamar miller,lamar miller,,,,,,,,,,,,,,,,,,,,,,,,,,,,,,,,,,,,,,,,,,,,,,,,,,
Saints,00-0025615,14.322548694496763,Saints,0.11,64.70%,DeShawn Wynn,RB,0.1384650406504065,2010.0,deshawn wynn,,deshawn wynn,,,,,,,,,,,,,,,,,,,,,,,,,,,,,,,,,,,,,,,,,,,,,,,,,,
Vikings,00-0025458,127.02865660722112,Vikings,-0.07,37.50%,Lorenzo Booker,RB,0.3821138211382114,2010.0,lorenzo booker,lorenzo booker,lorenzo booker,,,,,,,,,,,,,,,,,,,,,,,,,,,,,,,,,,,,,,,,,,,,,,,,,,
49ers,00-0020508,10.746428206967334,49ers,0.12,77.80%,Moran Norris,RB,1.601107372793354,2011.0,moran norris,,moran norris,,,,,,,,,,,,,,,,,,,,,,,,,,,,,,,,,,,,,,,,,,,,,,,,,,
Broncos,00-0026323,31.38371269590614,Broncos,-0.09,50.00%,Spencer Larsen,RB,0.4813133956386293,2011.0,spencer larsen,spencer ware,spencer ware,,,,,,,,,,,,,,,,,,,,,,,,,,,,,,,,,,,,,,,,,,,,,,,,,,
Cardinals,00-0025568,29.32384659922889,Cardinals,-0.05,50.00%,Reagan Maui'a,RB,0.5399792315680166,2011.0,reagan mauia,,reagan mauia,,,,,,,,,,,,,,,,,,,,,,,,,,,,,,,,,,,,,,,,,,,,,,,,,,
Chargers,00-0026209,130.19224153531596,Chargers,0.04,50.00%,Jacob Hester,RB,0.6342363447559709,2011.0,jacob hester,,jacob hester,,,,,,,,,,,,,,,,,,,,,,,,,,,,,,,,,,,,,,,,,,,,,,,,,,
Chargers,00-0028121,42.36358099700373,Chargers,0.04,50.00%,Jordan Todman,RB,0.1624091381100727,2011.0,jordan todman,jordan todman,jordan todman,,,,,,,,,,,,,,,,,,,,,,,,,,,,,,,,,,,,,,,,,,,,,,,,,,
Chiefs,00-0028202,0.0,Chiefs,-0.1,43.80%,Shaun Draughn,RB,0.3115264797507788,2011.0,shaun draughn,shaun draughn,shaun draughn,,,,,,,,,,,,,,,,,,,,,,,,,,,,,,,,,,,,,,,,,,,,,,,,,,
Colts,00-0027419,0.0,Colts,-0.19,12.50%,Chris Gronkowski,RB,0.2719435098650051,2011.0,chris gronkowski,chris brooks,chris brooks,,,,,,,,,,,,,,,,,,,,,,,,,,,,,,,,,,,,,,,,,,,,,,,,,,
Colts,00-0028486,0.0,Colts,-0.19,12.50%,Ryan Mahaffey,RB,0.3115264797507788,2011.0,ryan mahaffey,ryan mathews,ryan mathews,,,,,,,,,,,,,,,,,,,,,,,,,,,,,,,,,,,,,,,,,,,,,,,,,,
Dolphins,00-0026344,22.332202769728976,Dolphins,-0.01,37.50%,Lex Hilliard,RB,0.4361370716510903,2011.0,lex hilliard,,lex hilliard,,,,,,,,,,,,,,,,,,,,,,,,,,,,,,,,,,,,,,,,,,,,,,,,,,
Falcons,00-0022143,15.75176978246538,Falcons,0.08,58.80%,Ovie Mughelli,RB,3.115264797507788,2011.0,ovie mughelli,,ovie mughelli,,,,,,,,,,,,,,,,,,,,,,,,,,,,,,,,,,,,,,,,,,,,,,,,,,
Falcons,00-0026855,0.0,Falcons,0.08,58.80%,Antone Smith,RB,0.3364485981308411,2011.0,antone smith,antone smith,antone smith,,,,,,,,,,,,,,,,,,,,,,,,,,,,,,,,,,,,,,,,,,,,,,,,,,
Jaguars,00-0026607,0.0,Jaguars,-0.14,31.30%,Brock Bolen,RB,0.4361370716510903,2011.0,brock bolen,brandon bolden,brandon bolden,,,,,,,,,,,,,,,,,,,,,,,,,,,,,,,,,,,,,,,,,,,,,,,,,,
Lions,00-0027218,0.0,Lions,0.15,58.80%,Joique Bell,RB,0.3862928348909658,2011.0,joique bell,joique bell,joique bell,,,,,,,,,,,,,,,,,,,,,,,,,,,,,,,,,,,,,,,,,,,,,,,,,,
Panthers,00-0027080,83.51760416858751,Panthers,0.02,37.50%,Mike Goodson,RB,0.4074766355140187,2011.0,mike goodson,mike goodson,mike goodson,,,,,,,,,,,,,,,,,,,,,,,,,,,,,,,,,,,,,,,,,,,,,,,,,,
Rams,00-0023440,244.80536618371596,Rams,-0.23,12.50%,Carnell Williams,RB,0.4361370716510903,2011.0,carnell williams,darrel williams,darrel williams,,,,,,,,,,,,,,,,,,,,,,,,,,,,,,,,,,,,,,,,,,,,,,,,,,
Rams,00-0026712,0.0,Rams,-0.23,12.50%,Brit Miller,RB,0.4361370716510903,2011.0,brit miller,lamar miller,lamar miller,,,,,,,,,,,,,,,,,,,,,,,,,,,,,,,,,,,,,,,,,,,,,,,,,,
Saints,00-0025578,25.508826997880867,Saints,0.21,77.80%,Korey Hall,RB,0.8141225337487019,2011.0,korey hall,,korey hall,,,,,,,,,,,,,,,,,,,,,,,,,,,,,,,,,,,,,,,,,,,,,,,,,,
Vikings,00-0028121,42.36358099700373,Vikings,-0.1,18.80%,Jordan Todman,RB,0.0183244029075804,2011.0,jordan todman,jordan todman,jordan todman,,,,,,,,,,,,,,,,,,,,,,,,,,,,,,,,,,,,,,,,,,,,,,,,,,
Vikings,00-0028822,0.0,Vikings,-0.1,18.80%,Caleb King,RB,0.3115264797507788,2011.0,caleb king,,caleb king,,,,,,,,,,,,,,,,,,,,,,,,,,,,,,,,,,,,,,,,,,,,,,,,,,
49ers,00-0028980,0.0,49ers,0.19,72.20%,Jewel Hampton,RB,0.2277495854063018,2012.0,jewel hampton,,jewel hampton,,,,,,,,,,,,,,,,,,,,,,,,,,,,,,,,,,,,,,,,,,,,,,,,,,
Broncos,00-0026209,117.80281167912932,Broncos,0.19,76.50%,Jacob Hester,RB,0.1088308457711442,2012.0,jacob hester,,jacob hester,,,,,,,,,,,,,,,,,,,,,,,,,,,,,,,,,,,,,,,,,,,,,,,,,,
Broncos,00-0027419,0.0,Broncos,0.19,76.50%,Chris Gronkowski,RB,0.4477611940298507,2012.0,chris gronkowski,chris brooks,chris brooks,,,,,,,,,,,,,,,,,,,,,,,,,,,,,,,,,,,,,,,,,,,,,,,,,,
Buccaneers,00-0029145,26.458860635074227,Buccaneers,0.01,43.80%,Michael Smith,RB,0.3368880597014925,2012.0,michael smith,michael bush,michael bush,,,,,,,,,,,,,,,,,,,,,,,,,,,,,,,,,,,,,,,,,,,,,,,,,,
Cardinals,00-0027346,0.0,Cardinals,-0.15,31.30%,Alfonso Smith,RB,0.3855721393034826,2012.0,alfonso smith,alfonso smith,alfonso smith,,,,,,,,,,,,,,,,,,,,,,,,,,,,,,,,,,,,,,,,,,,,,,,,,,
Chiefs,00-0029358,0.0,Chiefs,-0.26,12.50%,Nate Eachus,RB,0.3240737976782752,2012.0,nate eachus,,nate eachus,,,,,,,,,,,,,,,,,,,,,,,,,,,,,,,,,,,,,,,,,,,,,,,,,,
Chiefs,00-0027651,241.48472576808763,Chiefs,-0.26,12.50%,Dexter McCluster,RB,0.9121061359867332,2012.0,dexter mccluster,dexter mccluster,dexter mccluster,,,,,,,,,,,,,,,,,,,,,,,,,,,,,,,,,,,,,,,,,,,,,,,,,,
Colts,00-0027779,36.1455300025847,Colts,-0.08,64.70%,Deji Karim,RB,0.4477611940298507,2012.0,deji karim,deji karim,deji karim,,,,,,,,,,,,,,,,,,,,,,,,,,,,,,,,,,,,,,,,,,,,,,,,,,
Colts,00-0028345,0.0,Colts,-0.08,64.70%,Robert Hughes,RB,0.3233830845771144,2012.0,robert hughes,robert hughes,robert hughes,,,,,,,,,,,,,,,,,,,,,,,,,,,,,,,,,,,,,,,,,,,,,,,,,,
Eagles,00-0029438,0.0,Eagles,-0.16,25.00%,Chris Polk,RB,0.3261467661691542,2012.0,chris polk,chris polk,chris polk,,,,,,,,,,,,,,,,,,,,,,,,,,,,,,,,,,,,,,,,,,,,,,,,,,
Falcons,00-0026855,0.0,Falcons,0.12,77.80%,Antone Smith,RB,0.4477611940298507,2012.0,antone smith,antone smith,antone smith,,,,,,,,,,,,,,,,,,,,,,,,,,,,,,,,,,,,,,,,,,,,,,,,,,
Giants,00-0026279,49.710420595570426,Giants,0.02,56.30%,Ryan Torain,RB,0.0956160862354892,2012.0,ryan torain,ryan torain,ryan torain,,,,,,,,,,,,,,,,,,,,,,,,,,,,,,,,,,,,,,,,,,,,,,,,,,
Jets,00-0026344,20.207012693217074,Jets,-0.11,37.50%,Lex Hilliard,RB,0.3424054726368159,2012.0,lex hilliard,,lex hilliard,,,,,,,,,,,,,,,,,,,,,,,,,,,,,,,,,,,,,,,,,,,,,,,,,,
Jets,00-0029510,0.0,Jets,-0.11,37.50%,Johnathan Grimes,RB,0.2663150912106136,2012.0,johnathan grimes,jonathan grimes,jonathan grimes,,,,,,,,,,,,,,,,,,,,,,,,,,,,,,,,,,,,,,,,,,,,,,,,,,
Jets,00-0028377,0.0,Jets,-0.11,37.50%,John Griffin,RB,0.0190223880597014,2012.0,john griffin,,john griffin,,,,,,,,,,,,,,,,,,,,,,,,,,,,,,,,,,,,,,,,,,,,,,,,,,
Jets,00-0026579,0.0,Jets,-0.11,37.50%,Kahlil Bell,RB,0.1843723051409618,2012.0,kahlil bell,kahlil bell,kahlil bell,,,,,,,,,,,,,,,,,,,,,,,,,,,,,,,,,,,,,,,,,,,,,,,,,,
Packers,00-0028602,0.0,Packers,0.1,66.70%,Brandon Saine,RB,0.3855721393034826,2012.0,brandon saine,brandon saine,brandon saine,,,,,,,,,,,,,,,,,,,,,,,,,,,,,,,,,,,,,,,,,,,,,,,,,,
Rams,00-0026712,0.0,Rams,-0.03,46.70%,Brit Miller,RB,0.3299676616915423,2012.0,brit miller,lamar miller,lamar miller,,,,,,,,,,,,,,,,,,,,,,,,,,,,,,,,,,,,,,,,,,,,,,,,,,
Ravens,00-0029384,0.0,Ravens,0.02,70.00%,Bobby Rainey,RB,0.2263681592039801,2012.0,bobby rainey,bobby rainey,bobby rainey,,,,,,,,,,,,,,,,,,,,,,,,,,,,,,,,,,,,,,,,,,,,,,,,,,
Ravens,00-0029384,0.0,Ravens,0.02,70.00%,Bobby Rainey,RB,0.0803482587064676,2012.0,bobby rainey,bobby rainey,bobby rainey,,,,,,,,,,,,,,,,,,,,,,,,,,,,,,,,,,,,,,,,,,,,,,,,,,
Texans,00-0029510,0.0,Texans,0.17,72.20%,Johnathan Grimes,RB,0.1616915422885572,2012.0,johnathan grimes,jonathan grimes,jonathan grimes,,,,,,,,,,,,,,,,,,,,,,,,,,,,,,,,,,,,,,,,,,,,,,,,,,
Titans,00-0028645,0.0,Titans,-0.15,37.50%,Darren Evans,RB,0.3855721393034826,2012.0,darren evans,darrynton evans,darrynton evans,,,,,,,,,,,,,,,,,,,,,,,,,,,,,,,,,,,,,,,,,,,,,,,,,,
Vikings,00-0028198,0.0,Vikings,-0.01,58.80%,Matt Asiata,RB,0.3233830845771144,2012.0,matt asiata,matt asiata,matt asiata,,,,,,,,,,,,,,,,,,,,,,,,,,,,,,,,,,,,,,,,,,,,,,,,,,
Bears,00-0030134,0.0,Bears,0.0,50.00%,Michael Ford,RB,0.3286132686084142,2013.0,michael ford,michael cox,michael cox,,,,,,,,,,,,,,,,,,,,,,,,,,,,,,,,,,,,,,,,,,,,,,,,,,
Bengals,00-0030288,38.276698123297095,Bengals,0.14,64.70%,Rex Burkhead,RB,0.3483414239482201,2013.0,rex burkhead,rex burkhead,rex burkhead,,,,,,,,,,,,,,,,,,,,,,,,,,,,,,,,,,,,,,,,,,,,,,,,,,
Buccaneers,00-0026323,21.037131739089084,Buccaneers,-0.1,25.00%,Spencer Larsen,RB,0.3697888349514563,2013.0,spencer larsen,spencer ware,spencer ware,,,,,,,,,,,,,,,,,,,,,,,,,,,,,,,,,,,,,,,,,,,,,,,,,,
Buccaneers,00-0029953,0.0,Buccaneers,-0.1,25.00%,Lonnie Pryor,RB,0.1156480582524271,2013.0,lonnie pryor,,lonnie pryor,,,,,,,,,,,,,,,,,,,,,,,,,,,,,,,,,,,,,,,,,,,,,,,,,,
Cardinals,00-0027976,233.3645728251735,Cardinals,0.07,62.50%,Ryan Williams,RB,1.1049053398058253,2013.0,ryan williams,ryan williams,ryan williams,,,,,,,,,,,,,,,,,,,,,,,,,,,,,,,,,,,,,,,,,,,,,,,,,,
Chiefs,00-0027651,218.50441575911816,Chiefs,0.07,64.70%,Dexter McCluster,RB,1.132686084142395,2013.0,dexter mccluster,dexter mccluster,dexter mccluster,,,,,,,,,,,,,,,,,,,,,,,,,,,,,,,,,,,,,,,,,,,,,,,,,,
Colts,00-0029140,52.97767971947417,Colts,0.02,66.70%,Chris Rainey,RB,0.1117936893203883,2013.0,chris rainey,chris rainey,chris rainey,,,,,,,,,,,,,,,,,,,,,,,,,,,,,,,,,,,,,,,,,,,,,,,,,,
Commanders,00-0030404,62.25939568638435,Commanders,-0.09,18.80%,Chris Thompson,RB,0.365088996763754,2013.0,chris thompson,chris thompson,chris thompson,,,,,,,,,,,,,,,,,,,,,,,,,,,,,,,,,,,,,,,,,,,,,,,,,,
Commanders,00-0030415,19.33341850220264,Commanders,-0.09,18.80%,Jawan Jamison,RB,0.0679611650485436,2013.0,jawan jamison,,jawan jamison,,,,,,,,,,,,,,,,,,,,,,,,,,,,,,,,,,,,,,,,,,,,,,,,,,
Commanders,00-0030415,19.33341850220264,Commanders,-0.09,18.80%,Jawan Jamison,RB,0.0578236245954692,2013.0,jawan jamison,,jawan jamison,,,,,,,,,,,,,,,,,,,,,,,,,,,,,,,,,,,,,,,,,,,,,,,,,,
Eagles,00-0030150,0.0,Eagles,0.11,58.80%,Matthew Tucker,RB,0.2120218446601941,2013.0,matthew tucker,,matthew tucker,,,,,,,,,,,,,,,,,,,,,,,,,,,,,,,,,,,,,,,,,,,,,,,,,,
Eagles,00-0030150,0.0,Eagles,0.11,58.80%,Matthew Tucker,RB,0.029126213592233,2013.0,matthew tucker,,matthew tucker,,,,,,,,,,,,,,,,,,,,,,,,,,,,,,,,,,,,,,,,,,,,,,,,,,
Jaguars,00-0028057,75.81445808924107,Jaguars,-0.24,25.00%,Delone Carter,RB,0.0792402912621359,2013.0,delone carter,delone carter,delone carter,,,,,,,,,,,,,,,,,,,,,,,,,,,,,,,,,,,,,,,,,,,,,,,,,,
Packers,00-0026579,0.0,Packers,-0.04,50.00%,Kahlil Bell,RB,0.1056537216828479,2013.0,kahlil bell,kahlil bell,kahlil bell,,,,,,,,,,,,,,,,,,,,,,,,,,,,,,,,,,,,,,,,,,,,,,,,,,
Raiders,00-0028063,70.84711298624562,Raiders,-0.13,25.00%,Taiwan Jones,RB,0.5309466019417476,2013.0,taiwan jones,taiwan jones,taiwan jones,,,,,,,,,,,,,,,,,,,,,,,,,,,,,,,,,,,,,,,,,,,,,,,,,,
Rams,00-0028795,0.0,Rams,-0.05,43.80%,Chase Reynolds,RB,0.3276699029126214,2013.0,chase reynolds,craig reynolds,craig reynolds,,,,,,,,,,,,,,,,,,,,,,,,,,,,,,,,,,,,,,,,,,,,,,,,,,
Saints,00-0029205,0.0,Saints,0.16,66.70%,Travaris Cadet,RB,0.3896982200647249,2013.0,travaris cadet,travaris cadet,travaris cadet,,,,,,,,,,,,,,,,,,,,,,,,,,,,,,,,,,,,,,,,,,,,,,,,,,
Seahawks,00-0030414,36.288029079982685,Seahawks,0.22,84.20%,Spencer Ware,RB,0.3473770226537216,2013.0,spencer ware,spencer ware,spencer ware,,,,,,,,,,,,,,,,,,,,,,,,,,,,,,,,,,,,,,,,,,,,,,,,,,
Texans,00-0028656,0.0,Texans,-0.13,12.50%,Chad Spann,RB,0.0192742718446601,2013.0,chad spann,,chad spann,,,,,,,,,,,,,,,,,,,,,,,,,,,,,,,,,,,,,,,,,,,,,,,,,,
Vikings,00-0029048,0.0,Vikings,-0.11,33.30%,Joe Banyard,RB,0.038549352750809,2013.0,joe banyard,joe banyard,joe banyard,,,,,,,,,,,,,,,,,,,,,,,,,,,,,,,,,,,,,,,,,,,,,,,,,,
49ers,00-0028613,0.0,49ers,-0.03,50.00%,Phillip Tanner,RB,0.0570541353383458,2014.0,phillip tanner,phillip tanner,phillip tanner,,,,,,,,,,,,,,,,,,,,,,,,,,,,,,,,,,,,,,,,,,,,,,,,,,
Bears,00-0031209,0.0,Bears,-0.15,31.30%,Senorise Perry,RB,0.3157894736842105,2014.0,senorise perry,senorise perry,senorise perry,,,,,,,,,,,,,,,,,,,,,,,,,,,,,,,,,,,,,,,,,,,,,,,,,,
Broncos,00-0031102,0.0,Broncos,0.18,70.60%,Kapri Bibbs,RB,0.0236842105263157,2014.0,kapri bibbs,kapri bibbs,kapri bibbs,,,,,,,,,,,,,,,,,,,,,,,,,,,,,,,,,,,,,,,,,,,,,,,,,,
Browns,00-0031459,0.0,Browns,-0.02,43.80%,Glenn Winston,RB,0.3157894736842105,2014.0,glenn winston,glenn winston,glenn winston,,,,,,,,,,,,,,,,,,,,,,,,,,,,,,,,,,,,,,,,,,,,,,,,,,
Chiefs,00-0030668,0.0,Chiefs,0.05,56.30%,Charcandrick West,RB,0.1300308270676692,2014.0,charcandrick west,charcandrick west,charcandrick west,,,,,,,,,,,,,,,,,,,,,,,,,,,,,,,,,,,,,,,,,,,,,,,,,,
Falcons,00-0030746,0.0,Falcons,-0.05,37.50%,Jerome Smith,RB,0.0185751879699248,2014.0,jerome smith,rod smith,rod smith,,,,,,,,,,,,,,,,,,,,,,,,,,,,,,,,,,,,,,,,,,,,,,,,,,
Raiders,00-0028063,64.10511878977638,Raiders,-0.21,18.80%,Taiwan Jones,RB,1.2415413533834585,2014.0,taiwan jones,taiwan jones,taiwan jones,,,,,,,,,,,,,,,,,,,,,,,,,,,,,,,,,,,,,,,,,,,,,,,,,,
Raiders,00-0031158,0.0,Raiders,-0.21,18.80%,George Atkinson,RB,0.092878947368421,2014.0,george atkinson,george atkinson,george atkinson,,,,,,,,,,,,,,,,,,,,,,,,,,,,,,,,,,,,,,,,,,,,,,,,,,
Rams,00-0028795,0.0,Rams,-0.05,37.50%,Chase Reynolds,RB,0.3721804511278195,2014.0,chase reynolds,craig reynolds,craig reynolds,,,,,,,,,,,,,,,,,,,,,,,,,,,,,,,,,,,,,,,,,,,,,,,,,,
Titans,00-0030789,0.0,Titans,-0.16,12.50%,Antonio Andrews,RB,0.1857578947368421,2014.0,antonio andrews,antonio andrews,antonio andrews,,,,,,,,,,,,,,,,,,,,,,,,,,,,,,,,,,,,,,,,,,,,,,,,,,
Vikings,00-0031106,0.0,Vikings,-0.04,43.80%,Henry Josey,RB,0.0185751879699248,2014.0,henry josey,,henry josey,,,,,,,,,,,,,,,,,,,,,,,,,,,,,,,,,,,,,,,,,,,,,,,,,,
Bengals,00-0030288,31.338309879825605,Bengals,0.12,70.60%,Rex Burkhead,RB,0.4261236739251815,2015.0,rex burkhead,rex burkhead,rex burkhead,,,,,,,,,,,,,,,,,,,,,,,,,,,,,,,,,,,,,,,,,,,,,,,,,,
Bengals,00-0026932,15.264970316330556,Bengals,0.12,70.60%,Cedric Peerman,RB,0.6420993858179788,2015.0,cedric peerman,cedric peerman,cedric peerman,,,,,,,,,,,,,,,,,,,,,,,,,,,,,,,,,,,,,,,,,,,,,,,,,,
Browns,00-0031687,0.0,Browns,-0.14,18.80%,Raheem Mostert,RB,0.0535762144053601,2015.0,raheem mostert,raheem mostert,raheem mostert,,,,,,,,,,,,,,,,,,,,,,,,,,,,,,,,,,,,,,,,,,,,,,,,,,
Buccaneers,00-0030391,31.718919893439303,Buccaneers,-0.03,37.50%,Mike James,RB,0.0480339195979899,2015.0,mike james,mike james,mike james,,,,,,,,,,,,,,,,,,,,,,,,,,,,,,,,,,,,,,,,,,,,,,,,,,
Chargers,00-0032090,0.0,Chargers,-0.06,25.00%,Dreamius Smith,RB,0.03571747627024,2015.0,dreamius smith,,dreamius smith,,,,,,,,,,,,,,,,,,,,,,,,,,,,,,,,,,,,,,,,,,,,,,,,,,
Jaguars,00-0029048,0.0,Jaguars,-0.09,31.30%,Joe Banyard,RB,0.2641883026242322,2015.0,joe banyard,joe banyard,joe banyard,,,,,,,,,,,,,,,,,,,,,,,,,,,,,,,,,,,,,,,,,,,,,,,,,,
Packers,00-0032200,126.91571549828969,Packers,0.02,61.10%,Ty Montgomery,RB,0.3998262144053601,2015.0,ty montgomery,ty montgomery,ty montgomery,,,,,,,,,,,,,,,,,,,,,,,,,,,,,,,,,,,,,,,,,,,,,,,,,,
Panthers,00-0031875,0.0,Panthers,0.21,89.50%,Brandon Wegher,RB,0.3041827191513121,2015.0,brandon wegher,,brandon wegher,,,,,,,,,,,,,,,,,,,,,,,,,,,,,,,,,,,,,,,,,,,,,,,,,,
Rams,00-0028795,0.0,Rams,-0.08,43.80%,Chase Reynolds,RB,0.4082914572864322,2015.0,chase reynolds,craig reynolds,craig reynolds,,,,,,,,,,,,,,,,,,,,,,,,,,,,,,,,,,,,,,,,,,,,,,,,,,
Rams,00-0030985,0.0,Rams,-0.08,43.80%,Trey Watts,RB,0.2303182579564489,2015.0,trey watts,trey watts,trey watts,,,,,,,,,,,,,,,,,,,,,,,,,,,,,,,,,,,,,,,,,,,,,,,,,,
Bears,00-0031706,MISSING,Bears,-0.11,18.80%,Paul Lasike,RB,0.1363817865653378,2016.0,paul lasike,,paul lasike,,,,,,,,,,,,,,,,,,,,,,,,,,,,,,,,,,,,,,,,,,,,,,,,,,
Bengals,00-0032540,0.0,Bengals,0.04,40.00%,Tra Carson,RB,0.0170477233206672,2016.0,tra carson,tra carson,tra carson,,,,,,,,,,,,,,,,,,,,,,,,,,,,,,,,,,,,,,,,,,,,,,,,,,
Browns,00-0033049,0.0,Browns,-0.21,6.30%,Darius Jackson,RB,0.0511431699620016,2016.0,darius jackson,darius jackson,darius jackson,,,,,,,,,,,,,,,,,,,,,,,,,,,,,,,,,,,,,,,,,,,,,,,,,,
Browns,00-0030756,MISSING,Browns,-0.21,6.30%,Rajion Neal,RB,0.2241257164938494,2016.0,rajion neal,ryan nall,ryan nall,,,,,,,,,,,,,,,,,,,,,,,,,,,,,,,,,,,,,,,,,,,,,,,,,,
Browns,00-0031459,MISSING,Browns,-0.21,6.30%,Glenn Winston,RB,0.3864236491273266,2016.0,glenn winston,glenn winston,glenn winston,,,,,,,,,,,,,,,,,,,,,,,,,,,,,,,,,,,,,,,,,,,,,,,,,,
Buccaneers,00-0032747,0.0,Buccaneers,0.01,56.30%,Russell Hansbrough,RB,0.0170477233206672,2016.0,russell hansbrough,,russell hansbrough,,,,,,,,,,,,,,,,,,,,,,,,,,,,,,,,,,,,,,,,,,,,,,,,,,
Chargers,00-0031277,0.0,Chargers,0.02,31.30%,Branden Oliver,RB,0.3864236491273266,2016.0,branden oliver,branden oliver,branden oliver,,,,,,,,,,,,,,,,,,,,,,,,,,,,,,,,,,,,,,,,,,,,,,,,,,
Commanders,00-0032806,16.449906020558004,Commanders,0.02,53.30%,Keith Marshall,RB,0.2250189991627487,2016.0,keith marshall,,keith marshall,,,,,,,,,,,,,,,,,,,,,,,,,,,,,,,,,,,,,,,,,,,,,,,,,,
Giants,00-0030247,0.0,Giants,0.02,64.70%,George Winn,RB,0.0454614542409995,2016.0,george winn,george winn,george winn,,,,,,,,,,,,,,,,,,,,,,,,,,,,,,,,,,,,,,,,,,,,,,,,,,
Jets,00-0033062,0.0,Jets,-0.11,31.30%,Romar Morris,RB,0.2144651252656662,2016.0,romar morris,maurice morris,maurice morris,,,,,,,,,,,,,,,,,,,,,,,,,,,,,,,,,,,,,,,,,,,,,,,,,,
Packers,00-0031826,0.0,Packers,0.07,63.20%,Josh Crockett,RB,0.2241257164938494,2016.0,josh crockett,john crockett,john crockett,,,,,,,,,,,,,,,,,,,,,,,,,,,,,,,,,,,,,,,,,,,,,,,,,,
Panthers,00-0032996,MISSING,Panthers,-0.05,37.50%,Devon Johnson,RB,0.2144651252656662,2016.0,devon johnson,dennis johnson,dennis johnson,,,,,,,,,,,,,,,,,,,,,,,,,,,,,,,,,,,,,,,,,,,,,,,,,,
Rams,00-0031391,132.713613631279,Rams,-0.24,25.00%,Tre Mason,RB,0.1026437817994461,2016.0,tre mason,tre mason,tre mason,,,,,,,,,,,,,,,,,,,,,,,,,,,,,,,,,,,,,,,,,,,,,,,,,,
Rams,00-0031813,0.0,Rams,-0.24,25.00%,Zach Laskey,RB,0.2144651252656662,2016.0,zach laskey,,zach laskey,,,,,,,,,,,,,,,,,,,,,,,,,,,,,,,,,,,,,,,,,,,,,,,,,,
Rams,00-0028795,0.0,Rams,-0.24,25.00%,Chase Reynolds,RB,0.555483995620532,2016.0,chase reynolds,craig reynolds,craig reynolds,,,,,,,,,,,,,,,,,,,,,,,,,,,,,,,,,,,,,,,,,,,,,,,,,,
Saints,00-0031959,0.0,Saints,0.02,43.80%,Marcus Murphy,RB,0.3492767437367167,2016.0,marcus murphy,marcus murphy,marcus murphy,,,,,,,,,,,,,,,,,,,,,,,,,,,,,,,,,,,,,,,,,,,,,,,,,,
Seahawks,00-0032472,0.0,Seahawks,0.07,64.70%,Tre Madden,RB,0.2144651252656662,2016.0,tre madden,tre mason,tre mason,,,,,,,,,,,,,,,,,,,,,,,,,,,,,,,,,,,,,,,,,,,,,,,,,,
Seahawks,00-0032602,0.0,Seahawks,0.07,64.70%,J.D. McKissic,RB,0.0340954466413344,2016.0,jd mckissic,jd mckissic,jd mckissic,,,,,,,,,,,,,,,,,,,,,,,,,,,,,,,,,,,,,,,,,,,,,,,,,,
Seahawks,00-0032095,MISSING,Seahawks,0.07,64.70%,Brandon Cottom,RB,0.2144651252656662,2016.0,brandon cottom,brandon jacobs,brandon jacobs,,,,,,,,,,,,,,,,,,,,,,,,,,,,,,,,,,,,,,,,,,,,,,,,,,
Vikings,00-0032918,0.0,Vikings,0.06,50.00%,C.J. Ham,RB,0.0340954466413344,2016.0,cj ham,,cj ham,,,,,,,,,,,,,,,,,,,,,,,,,,,,,,,,,,,,,,,,,,,,,,,,,,
49ers,00-0033955,56.585388556441146,49ers,-0.04,37.50%,Jeremy McNichols,RB,0.0818952095808383,2017.0,jeremy mcnichols,jeremy mcnichols,jeremy mcnichols,,,,,,,,,,,,,,,,,,,,,,,,,,,,,,,,,,,,,,,,,,,,,,,,,,
49ers,00-0033286,0.0,49ers,-0.04,37.50%,Joe Williams,RB,0.3026023952095809,2017.0,joe williams,javonte williams,javonte williams,,,,,,,,,,,,,,,,,,,,,,,,,,,,,,,,,,,,,,,,,,,,,,,,,,
Bears,00-0033373,0.0,Bears,-0.07,31.30%,Taquan Mizzell,RB,0.2784431137724551,2017.0,taquan mizzell,taquan mizzell,taquan mizzell,,,,,,,,,,,,,,,,,,,,,,,,,,,,,,,,,,,,,,,,,,,,,,,,,,
Bengals,00-0033348,0.0,Bengals,-0.08,43.80%,Jarveon Williams,RB,0.0491371257485029,2017.0,jarveon williams,javonte williams,javonte williams,,,,,,,,,,,,,,,,,,,,,,,,,,,,,,,,,,,,,,,,,,,,,,,,,,
Bengals,00-0032540,0.0,Bengals,-0.08,43.80%,Tra Carson,RB,0.2083832335329341,2017.0,tra carson,tra carson,tra carson,,,,,,,,,,,,,,,,,,,,,,,,,,,,,,,,,,,,,,,,,,,,,,,,,,
Bengals,00-0026932,0.0,Bengals,-0.08,43.80%,Cedric Peerman,RB,0.6511976047904192,2017.0,cedric peerman,cedric peerman,cedric peerman,,,,,,,,,,,,,,,,,,,,,,,,,,,,,,,,,,,,,,,,,,,,,,,,,,
Bills,00-0028063,0.0,Bills,-0.07,52.90%,Taiwan Jones,RB,0.3014796407185628,2017.0,taiwan jones,taiwan jones,taiwan jones,,,,,,,,,,,,,,,,,,,,,,,,,,,,,,,,,,,,,,,,,,,,,,,,,,
Browns,00-0033049,0.0,Browns,-0.16,0.00%,Darius Jackson,RB,0.2173652694610778,2017.0,darius jackson,darius jackson,darius jackson,,,,,,,,,,,,,,,,,,,,,,,,,,,,,,,,,,,,,,,,,,,,,,,,,,
Cardinals,00-0033789,0.0,Cardinals,-0.06,50.00%,T.J. Logan,RB,0.2386131736526946,2017.0,tj logan,tj logan,tj logan,,,,,,,,,,,,,,,,,,,,,,,,,,,,,,,,,,,,,,,,,,,,,,,,,,
Chargers,00-0032902,0.0,Chargers,0.15,56.30%,Kenneth Farrow,RB,0.218362874251497,2017.0,kenneth farrow,kenneth farrow,kenneth farrow,,,,,,,,,,,,,,,,,,,,,,,,,,,,,,,,,,,,,,,,,,,,,,,,,,
Chargers,00-0032747,0.0,Chargers,0.15,56.30%,Russell Hansbrough,RB,0.0190209580838323,2017.0,russell hansbrough,,russell hansbrough,,,,,,,,,,,,,,,,,,,,,,,,,,,,,,,,,,,,,,,,,,,,,,,,,,
Chiefs,00-0030414,0.0,Chiefs,0.08,58.80%,Spencer Ware,RB,1.0454089820359282,2017.0,spencer ware,spencer ware,spencer ware,,,,,,,,,,,,,,,,,,,,,,,,,,,,,,,,,,,,,,,,,,,,,,,,,,
Colts,00-0030247,0.0,Colts,-0.18,25.00%,George Winn,RB,0.2263473053892215,2017.0,george winn,george winn,george winn,,,,,,,,,,,,,,,,,,,,,,,,,,,,,,,,,,,,,,,,,,,,,,,,,,
Colts,00-0030432,0.0,Colts,-0.18,25.00%,Christine Michael,RB,0.2263473053892215,2017.0,christine michael,christine michael,christine michael,,,,,,,,,,,,,,,,,,,,,,,,,,,,,,,,,,,,,,,,,,,,,,,,,,
Commanders,00-0032806,0.0,Commanders,-0.03,43.80%,Keith Marshall,RB,0.2181958083832335,2017.0,keith marshall,,keith marshall,,,,,,,,,,,,,,,,,,,,,,,,,,,,,,,,,,,,,,,,,,,,,,,,,,
Commanders,00-0033854,0.0,Commanders,-0.03,43.80%,Dare Ogunbowale,RB,0.0327580838323353,2017.0,dare ogunbowale,dare ogunbowale,dare ogunbowale,,,,,,,,,,,,,,,,,,,,,,,,,,,,,,,,,,,,,,,,,,,,,,,,,,
Commanders,00-0031996,0.0,Commanders,-0.03,43.80%,Manasseh Garner,RB,0.0163790419161676,2017.0,manasseh garner,,manasseh garner,,,,,,,,,,,,,,,,,,,,,,,,,,,,,,,,,,,,,,,,,,,,,,,,,,
Cowboys,00-0031531,0.0,Cowboys,0.0,56.30%,Trey Williams,RB,0.0570622754491017,2017.0,trey williams,trey williams,trey williams,,,,,,,,,,,,,,,,,,,,,,,,,,,,,,,,,,,,,,,,,,,,,,,,,,
Dolphins,00-0033413,0.0,Dolphins,-0.15,37.50%,De'Veon Smith,RB,0.0818952095808383,2017.0,deveon smith,kevin smith,kevin smith,,,,,,,,,,,,,,,,,,,,,,,,,,,,,,,,,,,,,,,,,,,,,,,,,,
Jaguars,00-0033691,0.0,Jaguars,0.2,63.20%,I'Tavius Mathers,RB,0.2093808383233533,2017.0,itavius mathers,,itavius mathers,,,,,,,,,,,,,,,,,,,,,,,,,,,,,,,,,,,,,,,,,,,,,,,,,,
Jaguars,00-0031190,0.0,Jaguars,0.2,63.20%,Tyler Gaffney,RB,0.2263473053892215,2017.0,tyler gaffney,,tyler gaffney,,,,,,,,,,,,,,,,,,,,,,,,,,,,,,,,,,,,,,,,,,,,,,,,,,
Jets,00-0033664,0.0,Jets,-0.09,31.30%,Jahad Thomas,RB,0.0163790419161676,2017.0,jahad thomas,,jahad thomas,,,,,,,,,,,,,,,,,,,,,,,,,,,,,,,,,,,,,,,,,,,,,,,,,,
Jets,00-0033800,0.0,Jets,-0.09,31.30%,Akeem Judd,RB,0.0491371257485029,2017.0,akeem judd,akeem hunt,akeem hunt,,,,,,,,,,,,,,,,,,,,,,,,,,,,,,,,,,,,,,,,,,,,,,,,,,
Lions,00-0030391,0.0,Lions,0.02,56.30%,Mike James,RB,0.2263473053892215,2017.0,mike james,mike james,mike james,,,,,,,,,,,,,,,,,,,,,,,,,,,,,,,,,,,,,,,,,,,,,,,,,,
Rams,00-0033762,0.0,Rams,0.14,64.70%,Lenard Tillery,RB,0.2088820359281437,2017.0,lenard tillery,lamar miller,lamar miller,,,,,,,,,,,,,,,,,,,,,,,,,,,,,,,,,,,,,,,,,,,,,,,,,,
Ravens,00-0032411,0.0,Ravens,0.07,56.30%,Kenneth Dixon,RB,0.2666227544910179,2017.0,kenneth dixon,kenneth dixon,kenneth dixon,,,,,,,,,,,,,,,,,,,,,,,,,,,,,,,,,,,,,,,,,,,,,,,,,,
Saints,00-0032975,54.763830933156946,Saints,0.14,66.70%,Jonathan Williams,RB,0.1481155688622754,2017.0,jonathan williams,jonathan williams,jonathan williams,,,,,,,,,,,,,,,,,,,,,,,,,,,,,,,,,,,,,,,,,,,,,,,,,,
Saints,00-0032804,0.0,Saints,0.14,66.70%,Daniel Lasco,RB,0.2092281437125748,2017.0,daniel lasco,daniel lasco,daniel lasco,,,,,,,,,,,,,,,,,,,,,,,,,,,,,,,,,,,,,,,,,,,,,,,,,,
Seahawks,00-0032472,0.0,Seahawks,0.06,56.30%,Tre Madden,RB,0.2454712574850299,2017.0,tre madden,tre mason,tre mason,,,,,,,,,,,,,,,,,,,,,,,,,,,,,,,,,,,,,,,,,,,,,,,,,,
Texans,00-0028121,15.584690503198866,Texans,-0.08,25.00%,Jordan Todman,RB,0.3682634730538922,2017.0,jordan todman,jordan todman,jordan todman,,,,,,,,,,,,,,,,,,,,,,,,,,,,,,,,,,,,,,,,,,,,,,,,,,
Texans,00-0032404,0.0,Texans,-0.08,25.00%,Tyler Ervin,RB,0.3242682634730539,2017.0,tyler ervin,tyler ervin,tyler ervin,,,,,,,,,,,,,,,,,,,,,,,,,,,,,,,,,,,,,,,,,,,,,,,,,,
Titans,00-0033797,16.589239353891337,Titans,-0.05,55.60%,Khalfani Muhammad,RB,0.0163790419161676,2017.0,khalfani muhammad,,khalfani muhammad,,,,,,,,,,,,,,,,,,,,,,,,,,,,,,,,,,,,,,,,,,,,,,,,,,
Vikings,00-0032918,0.0,Vikings,0.15,77.80%,C.J. Ham,RB,0.2784431137724551,2017.0,cj ham,,cj ham,,,,,,,,,,,,,,,,,,,,,,,,,,,,,,,,,,,,,,,,,,,,,,,,,,
Vikings,00-0031413,0.0,Vikings,0.15,77.80%,Bishop Sankey,RB,0.2502994011976048,2017.0,bishop sankey,bishop sankey,bishop sankey,,,,,,,,,,,,,,,,,,,,,,,,,,,,,,,,,,,,,,,,,,,,,,,,,,
49ers,00-0033596,13.182410257202523,49ers,-0.09,25.00%,Matt Dayes,RB,0.1473905191873589,2018.0,matt dayes,matt dayes,matt dayes,,,,,,,,,,,,,,,,,,,,,,,,,,,,,,,,,,,,,,,,,,,,,,,,,,
49ers,00-0031376,0.0,49ers,-0.09,25.00%,Jerick McKinnon,RB,3.668171557562077,2018.0,jerick mckinnon,jerick mckinnon,jerick mckinnon,,,,,,,,,,,,,,,,,,,,,,,,,,,,,,,,,,,,,,,,,,,,,,,,,,
Bengals,00-0034531,0.0,Bengals,-0.12,37.50%,Quinton Flowers,RB,0.0159339729119638,2018.0,quinton flowers,,quinton flowers,,,,,,,,,,,,,,,,,,,,,,,,,,,,,,,,,,,,,,,,,,,,,,,,,,
Bills,00-0028063,0.0,Bills,-0.05,37.50%,Taiwan Jones,RB,0.3355135440180586,2018.0,taiwan jones,taiwan jones,taiwan jones,,,,,,,,,,,,,,,,,,,,,,,,,,,,,,,,,,,,,,,,,,,,,,,,,,
Browns,00-0034253,0.0,Browns,-0.03,46.70%,Dontrell Hilliard,RB,0.1912076749435665,2018.0,dontrell hilliard,dontrell hilliard,dontrell hilliard,,,,,,,,,,,,,,,,,,,,,,,,,,,,,,,,,,,,,,,,,,,,,,,,,,
Chiefs,00-0034294,0.0,Chiefs,0.2,72.20%,J.D. Moore,RB,0.2057934537246049,2018.0,jd moore,devin moore,devin moore,,,,,,,,,,,,,,,,,,,,,,,,,,,,,,,,,,,,,,,,,,,,,,,,,,
Commanders,00-0034358,0.0,Commanders,-0.09,43.80%,Derrius Guice,RB,0.466030474040632,2018.0,derrius guice,derrius guice,derrius guice,,,,,,,,,,,,,,,,,,,,,,,,,,,,,,,,,,,,,,,,,,,,,,,,,,
Commanders,00-0031996,0.0,Commanders,-0.09,43.80%,Manasseh Garner,RB,0.2048532731376975,2018.0,manasseh garner,,manasseh garner,,,,,,,,,,,,,,,,,,,,,,,,,,,,,,,,,,,,,,,,,,,,,,,,,,
Dolphins,00-0031209,0.0,Dolphins,-0.15,43.80%,Senorise Perry,RB,0.355530474040632,2018.0,senorise perry,senorise perry,senorise perry,,,,,,,,,,,,,,,,,,,,,,,,,,,,,,,,,,,,,,,,,,,,,,,,,,
Eagles,00-0034414,31.901989644606285,Eagles,0.01,55.60%,Boston Scott,RB,0.0478019187358916,2018.0,boston scott,boston scott,boston scott,,,,,,,,,,,,,,,,,,,,,,,,,,,,,,,,,,,,,,,,,,,,,,,,,,
Giants,00-0032813,0.0,Giants,-0.04,31.30%,Elijhaa Penny,RB,0.276357223476298,2018.0,elijhaa penny,elijhaa penny,elijhaa penny,,,,,,,,,,,,,,,,,,,,,,,,,,,,,,,,,,,,,,,,,,,,,,,,,,
Giants,00-0032417,0.0,Giants,-0.04,31.30%,Paul Perkins,RB,0.2602353273137697,2018.0,paul perkins,paul perkins,paul perkins,,,,,,,,,,,,,,,,,,,,,,,,,,,,,,,,,,,,,,,,,,,,,,,,,,
Packers,00-0032540,0.0,Packers,0.0,40.00%,Tra Carson,RB,0.1278685101580135,2018.0,tra carson,tra carson,tra carson,,,,,,,,,,,,,,,,,,,,,,,,,,,,,,,,,,,,,,,,,,,,,,,,,,
Packers,00-0034624,0.0,Packers,0.0,40.00%,Lavon Coleman,RB,0.0318679458239277,2018.0,lavon coleman,tevin coleman,tevin coleman,,,,,,,,,,,,,,,,,,,,,,,,,,,,,,,,,,,,,,,,,,,,,,,,,,
Panthers,00-0029731,0.0,Panthers,0.01,43.80%,Fozzy Whittaker,RB,0.6489841986455982,2018.0,fozzy whittaker,fozzy whittaker,fozzy whittaker,,,,,,,,,,,,,,,,,,,,,,,,,,,,,,,,,,,,,,,,,,,,,,,,,,
Panthers,00-0033975,0.0,Panthers,0.01,43.80%,Elijah Hood,RB,0.2048532731376975,2018.0,elijah hood,elijah dotson,elijah dotson,,,,,,,,,,,,,,,,,,,,,,,,,,,,,,,,,,,,,,,,,,,,,,,,,,
Raiders,00-0034315,0.0,Raiders,-0.2,25.00%,Chris Warren,RB,0.2048532731376975,2018.0,chris warren,chris carson,chris carson,,,,,,,,,,,,,,,,,,,,,,,,,,,,,,,,,,,,,,,,,,,,,,,,,,
Saints,00-0032804,0.0,Saints,0.13,77.80%,Daniel Lasco,RB,0.2217832957110609,2018.0,daniel lasco,daniel lasco,daniel lasco,,,,,,,,,,,,,,,,,,,,,,,,,,,,,,,,,,,,,,,,,,,,,,,,,,
Seahawks,00-0034432,17.536784140969164,Seahawks,0.1,58.80%,Bo Scarbrough,RB,0.0318679458239277,2018.0,bo scarbrough,bo scarbrough,bo scarbrough,,,,,,,,,,,,,,,,,,,,,,,,,,,,,,,,,,,,,,,,,,,,,,,,,,
Steelers,00-0033838,0.0,Steelers,0.07,60.00%,Trey Edmunds,RB,0.0736952595936794,2018.0,trey edmunds,trey edmunds,trey edmunds,,,,,,,,,,,,,,,,,,,,,,,,,,,,,,,,,,,,,,,,,,,,,,,,,,
Texans,00-0034449,0.0,Texans,0.08,64.70%,Buddy Howell,RB,0.2708803611738148,2018.0,buddy howell,buddy howell,buddy howell,,,,,,,,,,,,,,,,,,,,,,,,,,,,,,,,,,,,,,,,,,,,,,,,,,
Vikings,00-0032918,0.0,Vikings,0.03,53.30%,C.J. Ham,RB,0.3132054176072235,2018.0,cj ham,,cj ham,,,,,,,,,,,,,,,,,,,,,,,,,,,,,,,,,,,,,,,,,,,,,,,,,,
49ers,00-0031376,0.0,49ers,0.216,79.00%,Jerick McKinnon,RB,3.0552603613177474,2019.0,jerick mckinnon,jerick mckinnon,jerick mckinnon,,,,,,,,,,,,,,,,,,,,,,,,,,,,,,,,,,,,,,,,,,,,,,,,,,
Bengals,00-0035291,43.41049379949581,Bengals,-0.193,12.50%,Trayveon Williams,RB,0.287192348565356,2019.0,trayveon williams,trayveon williams,trayveon williams,,,,,,,,,,,,,,,,,,,,,,,,,,,,,,,,,,,,,,,,,,,,,,,,,,
Bengals,00-0035299,0.0,Bengals,-0.193,12.50%,Rodney Anderson,RB,0.2177678002125398,2019.0,rodney anderson,cj anderson,cj anderson,,,,,,,,,,,,,,,,,,,,,,,,,,,,,,,,,,,,,,,,,,,,,,,,,,
Broncos,00-0030107,0.0,Broncos,-0.053,43.80%,Theo Riddick,RB,1.311769394261424,2019.0,theo riddick,theo riddick,theo riddick,,,,,,,,,,,,,,,,,,,,,,,,,,,,,,,,,,,,,,,,,,,,,,,,,,
Cardinals,00-0033760,0.0,Cardinals,-0.081,33.30%,Justin Davis,RB,0.0510095642933049,2019.0,justin davis,justin davis,justin davis,,,,,,,,,,,,,,,,,,,,,,,,,,,,,,,,,,,,,,,,,,,,,,,,,,
Cardinals,00-0032577,0.0,Cardinals,-0.081,33.30%,D.J. Foster,RB,0.2760510095642933,2019.0,dj foster,dj foster,dj foster,,,,,,,,,,,,,,,,,,,,,,,,,,,,,,,,,,,,,,,,,,,,,,,,,,
Commanders,00-0035256,0.0,Commanders,-0.213,18.80%,Bryce Love,RB,0.3412794899043571,2019.0,bryce love,,bryce love,,,,,,,,,,,,,,,,,,,,,,,,,,,,,,,,,,,,,,,,,,,,,,,,,,
Eagles,00-0033725,0.0,Eagles,0.035,52.90%,Corey Clement,RB,0.3444920297555792,2019.0,corey clement,corey clement,corey clement,,,,,,,,,,,,,,,,,,,,,,,,,,,,,,,,,,,,,,,,,,,,,,,,,,
Eagles,00-0033581,0.0,Eagles,0.035,52.90%,De'Angelo Henderson,RB,0.0467587672688629,2019.0,deangelo henderson,deangelo henderson,deangelo henderson,,,,,,,,,,,,,,,,,,,,,,,,,,,,,,,,,,,,,,,,,,,,,,,,,,
Jaguars,00-0033304,0.0,Jaguars,-0.125,37.50%,Devante Mays,RB,0.2088204038257173,2019.0,devante mays,devante mays,devante mays,,,,,,,,,,,,,,,,,,,,,,,,,,,,,,,,,,,,,,,,,,,,,,,,,,
Jaguars,00-0035658,0.0,Jaguars,-0.125,37.50%,Taj McGowan,RB,0.2008501594048884,2019.0,taj mcgowan,,taj mcgowan,,,,,,,,,,,,,,,,,,,,,,,,,,,,,,,,,,,,,,,,,,,,,,,,,,
Jets,00-0032200,85.07414825545963,Jets,-0.133,43.80%,Ty Montgomery,RB,0.3905419766206164,2019.0,ty montgomery,ty montgomery,ty montgomery,,,,,,,,,,,,,,,,,,,,,,,,,,,,,,,,,,,,,,,,,,,,,,,,,,
Jets,00-0032411,57.79791637190573,Jets,-0.133,43.80%,Kenneth Dixon,RB,0.0356312433581296,2019.0,kenneth dixon,kenneth dixon,kenneth dixon,,,,,,,,,,,,,,,,,,,,,,,,,,,,,,,,,,,,,,,,,,,,,,,,,,
Jets,00-0035505,0.0,Jets,-0.133,43.80%,Jalin Moore,RB,0.0740345377258236,2019.0,jalin moore,devin moore,devin moore,,,,,,,,,,,,,,,,,,,,,,,,,,,,,,,,,,,,,,,,,,,,,,,,,,
Jets,00-0034164,0.0,Jets,-0.133,43.80%,Trenton Cannon,RB,0.2715706695005313,2019.0,trenton cannon,trenton cannon,trenton cannon,,,,,,,,,,,,,,,,,,,,,,,,,,,,,,,,,,,,,,,,,,,,,,,,,,
Raiders,00-0030656,0.0,Raiders,-0.081,43.80%,Isaiah Crowell,RB,0.6641870350690754,2019.0,isaiah crowell,isaiah crowell,isaiah crowell,,,,,,,,,,,,,,,,,,,,,,,,,,,,,,,,,,,,,,,,,,,,,,,,,,
Raiders,00-0031900,0.0,Raiders,-0.081,43.80%,Rod Smith,RB,0.0604803400637619,2019.0,rod smith,rod smith,rod smith,,,,,,,,,,,,,,,,,,,,,,,,,,,,,,,,,,,,,,,,,,,,,,,,,,
Raiders,00-0034870,0.0,Raiders,-0.081,43.80%,James Butler,RB,0.0467587672688629,2019.0,james butler,james white,james white,,,,,,,,,,,,,,,,,,,,,,,,,,,,,,,,,,,,,,,,,,,,,,,,,,
Ravens,00-0032964,0.0,Ravens,0.292,82.40%,Byron Marshall,RB,0.0340063761955366,2019.0,byron marshall,byron marshall,byron marshall,,,,,,,,,,,,,,,,,,,,,,,,,,,,,,,,,,,,,,,,,,,,,,,,,,
Seahawks,00-0029273,29.600694255396093,Seahawks,-0.001,66.70%,Robert Turbin,RB,0.029067481402763,2019.0,robert turbin,robert turbin,robert turbin,,,,,,,,,,,,,,,,,,,,,,,,,,,,,,,,,,,,,,,,,,,,,,,,,,
Seahawks,00-0035086,0.0,Seahawks,-0.001,66.70%,Adam Choice,RB,0.2011689691817215,2019.0,adam choice,tashard choice,tashard choice,,,,,,,,,,,,,,,,,,,,,,,,,,,,,,,,,,,,,,,,,,,,,,,,,,
Seahawks,00-0035494,0.0,Seahawks,-0.001,66.70%,Xavier Turner,RB,0.0127523910733262,2019.0,xavier turner,,xavier turner,,,,,,,,,,,,,,,,,,,,,,,,,,,,,,,,,,,,,,,,,,,,,,,,,,
Texans,00-0034449,0.0,Texans,-0.002,61.10%,Buddy Howell,RB,0.3028692879914984,2019.0,buddy howell,buddy howell,buddy howell,,,,,,,,,,,,,,,,,,,,,,,,,,,,,,,,,,,,,,,,,,,,,,,,,,
Texans,00-0029615,0.0,Texans,-0.002,61.10%,Lamar Miller,RB,3.8273777895855474,2019.0,lamar miller,lamar miller,lamar miller,,,,,,,,,,,,,,,,,,,,,,,,,,,,,,,,,,,,,,,,,,,,,,,,,,
Titans,00-0030711,0.0,Titans,0.084,57.90%,David Fluellen,RB,0.3825717321997874,2019.0,david fluellen,david fluellen,david fluellen,,,,,,,,,,,,,,,,,,,,,,,,,,,,,,,,,,,,,,,,,,,,,,,,,,
Bears,00-0030414,9.889641630838074,Bears,-0.032,47.10%,Spencer Ware,RB,0.012108980827447,2020.0,spencer ware,spencer ware,spencer ware,,,,,,,,,,,,,,,,,,,,,,,,,,,,,,,,,,,,,,,,,,,,,,,,,,
Bills,00-0028063,12.942600269289612,Bills,0.134,79.00%,Taiwan Jones,RB,0.8545660948536831,2020.0,taiwan jones,taiwan jones,taiwan jones,,,,,,,,,,,,,,,,,,,,,,,,,,,,,,,,,,,,,,,,,,,,,,,,,,
Buccaneers,00-0033789,33.48288175707251,Buccaneers,0.186,75.00%,T.J. Logan,RB,0.3784056508577195,2020.0,tj logan,tj logan,tj logan,,,,,,,,,,,,,,,,,,,,,,,,,,,,,,,,,,,,,,,,,,,,,,,,,,
Buccaneers,00-0030465,11.830739711668482,Buccaneers,0.186,75.00%,Kenjon Barner,RB,0.1080307769929364,2020.0,kenjon barner,kenjon barner,kenjon barner,,,,,,,,,,,,,,,,,,,,,,,,,,,,,,,,,,,,,,,,,,,,,,,,,,
Cardinals,00-0036383,22.03324410718681,Cardinals,0.018,50.00%,Eno Benjamin,RB,0.3207255297679112,2020.0,eno benjamin,eno benjamin,eno benjamin,,,,,,,,,,,,,,,,,,,,,,,,,,,,,,,,,,,,,,,,,,,,,,,,,,
Cardinals,00-0035924,0.0,Cardinals,0.018,50.00%,Jonathan Ward,RB,0.2353531786074672,2020.0,jonathan ward,jonathan ward,jonathan ward,,,,,,,,,,,,,,,,,,,,,,,,,,,,,,,,,,,,,,,,,,,,,,,,,,
Chiefs,00-0030874,0.0,Chiefs,0.112,84.20%,Damien Williams,RB,0.0252270433905146,2020.0,damien williams,damien williams,damien williams,,,,,,,,,,,,,,,,,,,,,,,,,,,,,,,,,,,,,,,,,,,,,,,,,,
Commanders,00-0035256,91.44788453922074,Commanders,0.033,41.20%,Bryce Love,RB,0.1902956609485368,2020.0,bryce love,,bryce love,,,,,,,,,,,,,,,,,,,,,,,,,,,,,,,,,,,,,,,,,,,,,,,,,,
Commanders,00-0029615,24.65832823740603,Commanders,0.033,41.20%,Lamar Miller,RB,0.0667780020181634,2020.0,lamar miller,lamar miller,lamar miller,,,,,,,,,,,,,,,,,,,,,,,,,,,,,,,,,,,,,,,,,,,,,,,,,,
Cowboys,00-0036033,0.0,Cowboys,-0.101,37.50%,Sewo Olonilua,RB,0.0362078708375378,2020.0,sewo olonilua,,sewo olonilua,,,,,,,,,,,,,,,,,,,,,,,,,,,,,,,,,,,,,,,,,,,,,,,,,,
Dolphins,00-0036245,15.64769456681351,Dolphins,0.049,62.50%,Malcolm Perry,RB,0.3172916246215943,2020.0,malcolm perry,malcolm brown,malcolm brown,,,,,,,,,,,,,,,,,,,,,,,,,,,,,,,,,,,,,,,,,,,,,,,,,,
Dolphins,00-0036364,152.08034132056733,Dolphins,0.049,62.50%,Lynn Bowden,RB,0.3077699293642785,2020.0,lynn bowden,,lynn bowden,,,,,,,,,,,,,,,,,,,,,,,,,,,,,,,,,,,,,,,,,,,,,,,,,,
Jaguars,00-0035268,66.11856969540109,Jaguars,-0.217,6.30%,Ryquell Armstead,RB,0.3841770938446014,2020.0,ryquell armstead,ryquell armstead,ryquell armstead,,,,,,,,,,,,,,,,,,,,,,,,,,,,,,,,,,,,,,,,,,,,,,,,,,
Jaguars,00-0035835,0.0,Jaguars,-0.217,6.30%,Nathan Cottrell,RB,0.1086246215943491,2020.0,nathan cottrell,nathan cottrell,nathan cottrell,,,,,,,,,,,,,,,,,,,,,,,,,,,,,,,,,,,,,,,,,,,,,,,,,,
Lions,00-0035596,19.936503708902933,Lions,-0.191,31.30%,Kerrith Whyte,RB,0.0720484359233097,2020.0,kerrith whyte,kerrith whyte,kerrith whyte,,,,,,,,,,,,,,,,,,,,,,,,,,,,,,,,,,,,,,,,,,,,,,,,,,
Lions,00-0034654,0.0,Lions,-0.191,31.30%,Dalyn Dawkins,RB,0.0084762865792129,2020.0,dalyn dawkins,dalyn dawkins,dalyn dawkins,,,,,,,,,,,,,,,,,,,,,,,,,,,,,,,,,,,,,,,,,,,,,,,,,,
Packers,00-0035973,0.0,Packers,0.195,77.80%,Patrick Taylor,RB,0.2029934409687184,2020.0,patrick taylor,patrick taylor,patrick taylor,,,,,,,,,,,,,,,,,,,,,,,,,,,,,,,,,,,,,,,,,,,,,,,,,,
Rams,00-0036435,15.787027900146844,Rams,0.151,61.10%,Raymond Calais,RB,0.3077699293642785,2020.0,raymond calais,,raymond calais,,,,,,,,,,,,,,,,,,,,,,,,,,,,,,,,,,,,,,,,,,,,,,,,,,
Rams,00-0036078,0.0,Rams,0.151,61.10%,Xavier Jones,RB,0.3092835519677094,2020.0,xavier jones,aaron jones,aaron jones,,,,,,,,,,,,,,,,,,,,,,,,,,,,,,,,,,,,,,,,,,,,,,,,,,
Seahawks,00-0036054,0.0,Seahawks,0.06,70.60%,Patrick Carr,RB,0.201816347124117,2020.0,patrick carr,patrick laird,patrick laird,,,,,,,,,,,,,,,,,,,,,,,,,,,,,,,,,,,,,,,,,,,,,,,,,,
Steelers,00-0032782,42.40554665855379,Steelers,0.141,70.60%,Wendell Smallwood,RB,0.1029263370332997,2020.0,wendell smallwood,wendell smallwood,wendell smallwood,,,,,,,,,,,,,,,,,,,,,,,,,,,,,,,,,,,,,,,,,,,,,,,,,,
Steelers,00-0033838,0.0,Steelers,0.141,70.60%,Trey Edmunds,RB,0.1335549949545913,2020.0,trey edmunds,trey edmunds,trey edmunds,,,,,,,,,,,,,,,,,,,,,,,,,,,,,,,,,,,,,,,,,,,,,,,,,,
49ers,00-0033567,40.57004378961575,49ers,0.081,60.00%,Brian Hill,RB,0.0076712328767123,2021.0,brian hill,brian hill,brian hill,,,,,,,,,,,,,,,,,,,,,,,,,,,,,,,,,,,,,,,,,,,,,,,,,,
Bears,00-0033556,62.071628365603445,Bears,-0.119,35.30%,Tarik Cohen,RB,1.7808219178082192,2021.0,tarik cohen,tarik cohen,tarik cohen,,,,,,,,,,,,,,,,,,,,,,,,,,,,,,,,,,,,,,,,,,,,,,,,,,
Bengals,00-0036734,0.0,Bengals,0.077,61.90%,Pooka Williams,RB,0.0252054794520547,2021.0,pooka williams,karlos williams,karlos williams,,,,,,,,,,,,,,,,,,,,,,,,,,,,,,,,,,,,,,,,,,,,,,,,,,
Bengals,00-0035442,0.0,Bengals,0.077,61.90%,Elijah Holyfield,RB,0.0655342465753424,2021.0,elijah holyfield,,elijah holyfield,,,,,,,,,,,,,,,,,,,,,,,,,,,,,,,,,,,,,,,,,,,,,,,,,,
Bills,00-0028063,9.588114102489854,Bills,0.202,63.20%,Taiwan Jones,RB,0.913779178082192,2021.0,taiwan jones,taiwan jones,taiwan jones,,,,,,,,,,,,,,,,,,,,,,,,,,,,,,,,,,,,,,,,,,,,,,,,,,
Bills,00-0035728,0.0,Bills,0.202,63.20%,Christian Wade,RB,0.3616438356164383,2021.0,christian wade,christian mccaffrey,christian mccaffrey,,,,,,,,,,,,,,,,,,,,,,,,,,,,,,,,,,,,,,,,,,,,,,,,,,
Bills,00-0036188,0.0,Bills,0.202,63.20%,Antonio Williams,RB,0.0050410958904109,2021.0,antonio williams,antonio williams,antonio williams,,,,,,,,,,,,,,,,,,,,,,,,,,,,,,,,,,,,,,,,,,,,,,,,,,
Broncos,00-0036000,0.0,Broncos,0.016,41.20%,Adrian Killins,RB,0.2273972602739726,2021.0,adrian killins,,adrian killins,,,,,,,,,,,,,,,,,,,,,,,,,,,,,,,,,,,,,,,,,,,,,,,,,,
Browns,00-0034995,29.710125376369927,Browns,-0.005,47.10%,Dexter Williams,RB,0.0258750684931506,2021.0,dexter williams,dexter williams,dexter williams,,,,,,,,,,,,,,,,,,,,,,,,,,,,,,,,,,,,,,,,,,,,,,,,,,
Browns,00-0036685,0.0,Browns,-0.005,47.10%,Tre Harbison III,RB,0.2273972602739726,2021.0,tre harbison,tre mason,tre mason,,,,,,,,,,,,,,,,,,,,,,,,,,,,,,,,,,,,,,,,,,,,,,,,,,
Browns,00-0036117,0.0,Browns,-0.005,47.10%,Benny LeMay,RB,0.0050410958904109,2021.0,benny lemay,,benny lemay,,,,,,,,,,,,,,,,,,,,,,,,,,,,,,,,,,,,,,,,,,,,,,,,,,
Browns,00-0036208,0.0,Browns,-0.005,47.10%,Artavis Pierce,RB,0.0050410958904109,2021.0,artavis pierce,artavis pierce,artavis pierce,,,,,,,,,,,,,,,,,,,,,,,,,,,,,,,,,,,,,,,,,,,,,,,,,,
Cardinals,00-0035825,0.0,Cardinals,0.141,61.10%,Tavien Feaster,RB,0.0100821917808219,2021.0,tavien feaster,arian foster,arian foster,,,,,,,,,,,,,,,,,,,,,,,,,,,,,,,,,,,,,,,,,,,,,,,,,,
Chargers,00-0035898,0.0,Chargers,0.044,52.90%,Darius Bradwell,RB,0.0100821917808219,2021.0,darius bradwell,,darius bradwell,,,,,,,,,,,,,,,,,,,,,,,,,,,,,,,,,,,,,,,,,,,,,,,,,,
Cowboys,00-0036033,0.0,Cowboys,0.173,66.70%,Sewo Olonilua,RB,0.2410958904109589,2021.0,sewo olonilua,,sewo olonilua,,,,,,,,,,,,,,,,,,,,,,,,,,,,,,,,,,,,,,,,,,,,,,,,,,
Cowboys,00-0036139,0.0,Cowboys,0.173,66.70%,Rico Dowdle,RB,0.2429221917808219,2021.0,rico dowdle,rico dowdle,rico dowdle,,,,,,,,,,,,,,,,,,,,,,,,,,,,,,,,,,,,,,,,,,,,,,,,,,
Dolphins,00-0036364,137.6079833745296,Dolphins,-0.019,52.90%,Lynn Bowden,RB,0.4515419178082192,2021.0,lynn bowden,,lynn bowden,,,,,,,,,,,,,,,,,,,,,,,,,,,,,,,,,,,,,,,,,,,,,,,,,,
Dolphins,00-0035275,50.97368191649351,Dolphins,-0.019,52.90%,Jordan Scarlett,RB,0.0100821917808219,2021.0,jordan scarlett,jordan scarlett,jordan scarlett,,,,,,,,,,,,,,,,,,,,,,,,,,,,,,,,,,,,,,,,,,,,,,,,,,
Dolphins,00-0036578,15.92636123348018,Dolphins,-0.019,52.90%,Gerrid Doaks,RB,0.0907397260273972,2021.0,gerrid doaks,,gerrid doaks,,,,,,,,,,,,,,,,,,,,,,,,,,,,,,,,,,,,,,,,,,,,,,,,,,
Eagles,00-0034349,194.48669370010336,Eagles,0.052,50.00%,Kerryon Johnson,RB,0.0153424657534246,2021.0,kerryon johnson,kerryon johnson,kerryon johnson,,,,,,,,,,,,,,,,,,,,,,,,,,,,,,,,,,,,,,,,,,,,,,,,,,
Falcons,00-0036950,42.36358099700373,Falcons,-0.156,41.20%,Avery Williams,RB,0.3945413698630137,2021.0,avery williams,avery williams,avery williams,,,,,,,,,,,,,,,,,,,,,,,,,,,,,,,,,,,,,,,,,,,,,,,,,,
Falcons,00-0036829,0.0,Falcons,-0.156,41.20%,Caleb Huntley,RB,0.0907397260273972,2021.0,caleb huntley,caleb huntley,caleb huntley,,,,,,,,,,,,,,,,,,,,,,,,,,,,,,,,,,,,,,,,,,,,,,,,,,
Giants,00-0036449,0.0,Giants,-0.169,23.50%,Sandro Platzgummer,RB,0.0907397260273972,2021.0,sandro platzgummer,,sandro platzgummer,,,,,,,,,,,,,,,,,,,,,,,,,,,,,,,,,,,,,,,,,,,,,,,,,,
Jaguars,00-0036973,360.6286699090933,Jaguars,-0.19,17.70%,Travis Etienne,RB,1.2849917808219178,2021.0,travis etienne,travis etienne,travis etienne,,,,,,,,,,,,,,,,,,,,,,,,,,,,,,,,,,,,,,,,,,,,,,,,,,
Packers,00-0035596,18.039294540628063,Packers,0.116,72.20%,Kerrith Whyte,RB,0.0100821917808219,2021.0,kerrith whyte,kerrith whyte,kerrith whyte,,,,,,,,,,,,,,,,,,,,,,,,,,,,,,,,,,,,,,,,,,,,,,,,,,
Panthers,00-0036543,0.0,Panthers,-0.101,29.40%,Spencer Brown,RB,0.0050410958904109,2021.0,spencer brown,spencer brown,spencer brown,,,,,,,,,,,,,,,,,,,,,,,,,,,,,,,,,,,,,,,,,,,,,,,,,,
Rams,00-0036435,14.284693563630526,Rams,0.107,76.20%,Raymond Calais,RB,0.2410958904109589,2021.0,raymond calais,,raymond calais,,,,,,,,,,,,,,,,,,,,,,,,,,,,,,,,,,,,,,,,,,,,,,,,,,
Rams,00-0036827,0.0,Rams,0.107,76.20%,Javian Hawkins,RB,0.0201643835616438,2021.0,javian hawkins,hassan haskins,hassan haskins,,,,,,,,,,,,,,,,,,,,,,,,,,,,,,,,,,,,,,,,,,,,,,,,,,
Rams,00-0036078,0.0,Rams,0.107,76.20%,Xavier Jones,RB,0.2427397260273972,2021.0,xavier jones,aaron jones,aaron jones,,,,,,,,,,,,,,,,,,,,,,,,,,,,,,,,,,,,,,,,,,,,,,,,,,
Ravens,00-0036158,196.7752235398642,Ravens,-0.069,47.10%,JK Dobbins,RB,0.7135035616438355,2021.0,jk dobbins,jk dobbins,jk dobbins,,,,,,,,,,,,,,,,,,,,,,,,,,,,,,,,,,,,,,,,,,,,,,,,,,
Ravens,00-0034975,81.5579334967028,Ravens,-0.069,47.10%,Justice Hill,RB,0.5673501369863013,2021.0,justice hill,justice hill,justice hill,,,,,,,,,,,,,,,,,,,,,,,,,,,,,,,,,,,,,,,,,,,,,,,,,,
Ravens,00-0035760,0.0,Ravens,-0.069,47.10%,Jacques Patrick,RB,0.0050410958904109,2021.0,jacques patrick,jacques patrick,jacques patrick,,,,,,,,,,,,,,,,,,,,,,,,,,,,,,,,,,,,,,,,,,,,,,,,,,
Ravens,00-0034184,0.0,Ravens,-0.069,47.10%,Gus Edwards,RB,1.2328767123287672,2021.0,gus edwards,gus edwards,gus edwards,,,,,,,,,,,,,,,,,,,,,,,,,,,,,,,,,,,,,,,,,,,,,,,,,,
Saints,00-0032200,46.689682493384566,Saints,0.038,52.90%,Ty Montgomery,RB,0.5410958904109588,2021.0,ty montgomery,ty montgomery,ty montgomery,,,,,,,,,,,,,,,,,,,,,,,,,,,,,,,,,,,,,,,,,,,,,,,,,,
Seahawks,00-0036799,0.0,Seahawks,0.018,41.20%,Josh Johnson,RB,0.0200909589041095,2021.0,josh johnson,roschon johnson,roschon johnson,,,,,,,,,,,,,,,,,,,,,,,,,,,,,,,,,,,,,,,,,,,,,,,,,,
Steelers,00-0033838,0.0,Steelers,-0.057,52.90%,Trey Edmunds,RB,0.0050410958904109,2021.0,trey edmunds,trey edmunds,trey edmunds,,,,,,,,,,,,,,,,,,,,,,,,,,,,,,,,,,,,,,,,,,,,,,,,,,
Texans,00-0036027,0.0,Texans,-0.211,23.50%,Darius Anderson,RB,0.0201643835616438,2021.0,darius anderson,darius jackson,darius jackson,,,,,,,,,,,,,,,,,,,,,,,,,,,,,,,,,,,,,,,,,,,,,,,,,,
Titans,00-0034400,38.161714339649805,Titans,0.043,66.70%,Jordan Wilkins,RB,0.0280060273972602,2021.0,jordan wilkins,jordan wilkins,jordan wilkins,,,,,,,,,,,,,,,,,,,,,,,,,,,,,,,,,,,,,,,,,,,,,,,,,,
Vikings,00-0036819,0.0,Vikings,0.022,47.10%,A.J. Rose,RB,0.0151232876712328,2021.0,aj rose,cj prosise,cj prosise,,,,,,,,,,,,,,,,,,,,,,,,,,,,,,,,,,,,,,,,,,,,,,,,,,
Bengals,00-0036857,28.56973916080483,Bengals,0.124,73.70%,Chris Evans,RB,0.4170134486071085,2022.0,chris evans,chris evans,chris evans,,,,,,,,,,,,,,,,,,,,,,,,,,,,,,,,,,,,,,,,,,,,,,,,,,
Bengals,00-0035442,0.0,Bengals,0.124,73.70%,Elijah Holyfield,RB,0.2065321805955811,2022.0,elijah holyfield,,elijah holyfield,,,,,,,,,,,,,,,,,,,,,,,,,,,,,,,,,,,,,,,,,,,,,,,,,,
Bills,00-0028063,7.103049629099818,Bills,0.156,77.80%,Taiwan Jones,RB,0.5031219980787704,2022.0,taiwan jones,taiwan jones,taiwan jones,,,,,,,,,,,,,,,,,,,,,,,,,,,,,,,,,,,,,,,,,,,,,,,,,,
Broncos,00-0037450,0.0,Broncos,-0.036,29.40%,Tyreik McAllister,RB,0.0220941402497598,2022.0,tyreik mcallister,,tyreik mcallister,,,,,,,,,,,,,,,,,,,,,,,,,,,,,,,,,,,,,,,,,,,,,,,,,,
Broncos,00-0035448,0.0,Broncos,-0.036,29.40%,Damarea Crockett,RB,0.2185398655139289,2022.0,damarea crockett,damarea crockett,damarea crockett,,,,,,,,,,,,,,,,,,,,,,,,,,,,,,,,,,,,,,,,,,,,,,,,,,
Browns,00-0034808,31.54291427618306,Browns,-0.016,41.20%,John Kelly,RB,0.0994236311239193,2022.0,john kelly,john kelly,john kelly,,,,,,,,,,,,,,,,,,,,,,,,,,,,,,,,,,,,,,,,,,,,,,,,,,
Buccaneers,00-0035342,0.0,Buccaneers,-0.004,44.40%,Patrick Laird,RB,0.1720461095100864,2022.0,patrick laird,patrick laird,patrick laird,,,,,,,,,,,,,,,,,,,,,,,,,,,,,,,,,,,,,,,,,,,,,,,,,,
Cardinals,00-0036457,0.0,Cardinals,-0.094,23.50%,Ty'Son Williams,RB,0.0238818443804034,2022.0,tyson williams,tyson williams,tyson williams,,,,,,,,,,,,,,,,,,,,,,,,,,,,,,,,,,,,,,,,,,,,,,,,,,
Chargers,00-0037331,13.113726872246694,Chargers,-0.005,55.60%,Zander Horvath,RB,0.3478635926993276,2022.0,zander horvath,,zander horvath,,,,,,,,,,,,,,,,,,,,,,,,,,,,,,,,,,,,,,,,,,,,,,,,,,
Chiefs,00-0032144,124.68168718278754,Chiefs,0.18,85.00%,Melvin Gordon,RB,0.0573487031700288,2022.0,melvin gordon,melvin gordon,melvin gordon,,,,,,,,,,,,,,,,,,,,,,,,,,,,,,,,,,,,,,,,,,,,,,,,,,
Colts,00-0036860,16.411032264850277,Colts,-0.136,25.00%,Jake Funk,RB,0.0220139289145052,2022.0,jake funk,jake funk,jake funk,,,,,,,,,,,,,,,,,,,,,,,,,,,,,,,,,,,,,,,,,,,,,,,,,,
Colts,00-0037609,0.0,Colts,-0.136,25.00%,Aaron Shampklin,RB,0.0165706051873198,2022.0,aaron shampklin,aaron shampklin,aaron shampklin,,,,,,,,,,,,,,,,,,,,,,,,,,,,,,,,,,,,,,,,,,,,,,,,,,
Colts,00-0037400,0.0,Colts,-0.136,25.00%,DVonte Price,RB,0.0994236311239193,2022.0,dvonte price,,dvonte price,,,,,,,,,,,,,,,,,,,,,,,,,,,,,,,,,,,,,,,,,,,,,,,,,,
Cowboys,00-0035273,47.23051002430954,Cowboys,0.118,68.40%,Qadree Ollison,RB,0.0994236311239193,2022.0,qadree ollison,qadree ollison,qadree ollison,,,,,,,,,,,,,,,,,,,,,,,,,,,,,,,,,,,,,,,,,,,,,,,,,,
Cowboys,00-0036139,0.0,Cowboys,0.118,68.40%,Rico Dowdle,RB,0.3978549471661863,2022.0,rico dowdle,rico dowdle,rico dowdle,,,,,,,,,,,,,,,,,,,,,,,,,,,,,,,,,,,,,,,,,,,,,,,,,,
Falcons,00-0037115,0.0,Falcons,-0.061,41.20%,B.J. Baylor,RB,0.0939000960614793,2022.0,bj baylor,jj taylor,jj taylor,,,,,,,,,,,,,,,,,,,,,,,,,,,,,,,,,,,,,,,,,,,,,,,,,,
Giants,00-0037410,0.0,Giants,-0.013,55.60%,Jashaun Corbin,RB,0.0994236311239193,2022.0,jashaun corbin,jashaun corbin,jashaun corbin,,,,,,,,,,,,,,,,,,,,,,,,,,,,,,,,,,,,,,,,,,,,,,,,,,
Jaguars,00-0036698,0.0,Jaguars,0.065,52.60%,Mekhi Sargent,RB,0.0994236311239193,2022.0,mekhi sargent,mekhi sargent,mekhi sargent,,,,,,,,,,,,,,,,,,,,,,,,,,,,,,,,,,,,,,,,,,,,,,,,,,
Lions,00-0036670,12.398026496977826,Lions,-0.011,52.90%,Jermar Jefferson,RB,0.0994236311239193,2022.0,jermar jefferson,jermar jefferson,jermar jefferson,,,,,,,,,,,,,,,,,,,,,,,,,,,,,,,,,,,,,,,,,,,,,,,,,,
Lions,00-0037437,0.0,Lions,-0.011,52.90%,Greg Bell,RB,0.2089337175792507,2022.0,greg bell,,greg bell,,,,,,,,,,,,,,,,,,,,,,,,,,,,,,,,,,,,,,,,,,,,,,,,,,
Packers,00-0037120,0.0,Packers,-0.014,47.10%,Tyler Goodson,RB,0.0994236311239193,2022.0,tyler goodson,tyler goodson,tyler goodson,,,,,,,,,,,,,,,,,,,,,,,,,,,,,,,,,,,,,,,,,,,,,,,,,,
Patriots,00-0036364,124.5128523777446,Patriots,0.038,47.10%,Lynn Bowden,RB,0.0994236311239193,2022.0,lynn bowden,,lynn bowden,,,,,,,,,,,,,,,,,,,,,,,,,,,,,,,,,,,,,,,,,,,,,,,,,,
Raiders,00-0037329,14.847483113069016,Raiders,-0.059,35.30%,Brittain Brown,RB,0.3482050912584054,2022.0,brittain brown,,brittain brown,,,,,,,,,,,,,,,,,,,,,,,,,,,,,,,,,,,,,,,,,,,,,,,,,,
Raiders,00-0037509,0.0,Raiders,-0.059,35.30%,Sincere McCormick,RB,0.2065321805955811,2022.0,sincere mccormick,sincere mccormick,sincere mccormick,,,,,,,,,,,,,,,,,,,,,,,,,,,,,,,,,,,,,,,,,,,,,,,,,,
Raiders,00-0035187,0.0,Raiders,-0.059,35.30%,Austin Walter,RB,0.0994236311239193,2022.0,austin walter,austin walter,austin walter,,,,,,,,,,,,,,,,,,,,,,,,,,,,,,,,,,,,,,,,,,,,,,,,,,
Ravens,00-0037182,0.0,Ravens,0.006,55.60%,Ricky Person Jr.,RB,0.0008001921229586,2022.0,ricky person,,ricky person,,,,,,,,,,,,,,,,,,,,,,,,,,,,,,,,,,,,,,,,,,,,,,,,,,
Saints,00-0035715,0.0,Saints,-0.002,41.20%,Derrick Gore,RB,0.0441882804995196,2022.0,derrick gore,derrick gore,derrick gore,,,,,,,,,,,,,,,,,,,,,,,,,,,,,,,,,,,,,,,,,,,,,,,,,,
Seahawks,00-0033950,36.286640410729994,Seahawks,-0.019,50.00%,Wayne Gallman,RB,0.0295869356388088,2022.0,wayne gallman,wayne gallman,wayne gallman,,,,,,,,,,,,,,,,,,,,,,,,,,,,,,,,,,,,,,,,,,,,,,,,,,
Seahawks,00-0035148,18.857398870259313,Seahawks,-0.019,50.00%,Darwin Thompson,RB,0.0994236311239193,2022.0,darwin thompson,darwin thompson,darwin thompson,,,,,,,,,,,,,,,,,,,,,,,,,,,,,,,,,,,,,,,,,,,,,,,,,,
Steelers,00-0036278,40.5868772652855,Steelers,-0.009,52.90%,Jason Huntley,RB,0.0662824207492795,2022.0,jason huntley,jason huntley,jason huntley,,,,,,,,,,,,,,,,,,,,,,,,,,,,,,,,,,,,,,,,,,,,,,,,,,
Steelers,00-0033955,28.099472366455277,Steelers,-0.009,52.90%,Jeremy McNichols,RB,0.2305475504322766,2022.0,jeremy mcnichols,jeremy mcnichols,jeremy mcnichols,,,,,,,,,,,,,,,,,,,,,,,,,,,,,,,,,,,,,,,,,,,,,,,,,,
Texans,00-0036578,14.410767577210205,Texans,-0.177,18.80%,Gerrid Doaks,RB,0.0220941402497598,2022.0,gerrid doaks,,gerrid doaks,,,,,,,,,,,,,,,,,,,,,,,,,,,,,,,,,,,,,,,,,,,,,,,,,,
Texans,00-0036027,0.0,Texans,-0.177,18.80%,Darius Anderson,RB,0.2065321805955811,2022.0,darius anderson,darius jackson,darius jackson,,,,,,,,,,,,,,,,,,,,,,,,,,,,,,,,,,,,,,,,,,,,,,,,,,
Titans,00-0034164,20.207012693217074,Titans,-0.081,41.20%,Trenton Cannon,RB,0.242021613832853,2022.0,trenton cannon,trenton cannon,trenton cannon,,,,,,,,,,,,,,,,,,,,,,,,,,,,,,,,,,,,,,,,,,,,,,,,,,
Vikings,00-0037495,0.0,Vikings,-0.001,72.20%,Bryant Koback,RB,0.0994236311239193,2022.0,bryant koback,,bryant koback,,,,,,,,,,,,,,,,,,,,,,,,,,,,,,,,,,,,,,,,,,,,,,,,,,
49ers,00-0033955,20.816601120612496,49ers,0.26,70.00%,Jeremy McNichols,RB,0.0143238434163701,2023.0,jeremy mcnichols,jeremy mcnichols,jeremy mcnichols,,,,,,,,,,,,,,,,,,,,,,,,,,,,,,,,,,,,,,,,,,,,,,,,,,
Bears,00-0035594,20.207012693217074,Bears,0.0,41.20%,Travis Homer,RB,0.8275266903914591,2023.0,travis homer,travis homer,travis homer,,,,,,,,,,,,,,,,,,,,,,,,,,,,,,,,,,,,,,,,,,,,,,,,,,
Bills,00-0034367,55.17854412248494,Bills,0.19,63.20%,Nyheim Hines,RB,1.5480427046263343,2023.0,nyheim hines,nyheim hines,nyheim hines,,,,,,,,,,,,,,,,,,,,,,,,,,,,,,,,,,,,,,,,,,,,,,,,,,
Broncos,00-0037085,31.59472523147112,Broncos,-0.07,47.10%,Tyler Badie,RB,0.096085409252669,2023.0,tyler badie,tyler badie,tyler badie,,,,,,,,,,,,,,,,,,,,,,,,,,,,,,,,,,,,,,,,,,,,,,,,,,
Broncos,00-0032450,4.779331225988764,Broncos,-0.07,47.10%,Dwayne Washington,RB,0.3252259786476868,2023.0,dwayne washington,dwayne washington,dwayne washington,,,,,,,,,,,,,,,,,,,,,,,,,,,,,,,,,,,,,,,,,,,,,,,,,,
Browns,00-0034808,23.367565629197887,Browns,0.05,61.10%,John Kelly,RB,0.0320284697508896,2023.0,john kelly,john kelly,john kelly,,,,,,,,,,,,,,,,,,,,,,,,,,,,,,,,,,,,,,,,,,,,,,,,,,
Buccaneers,00-0035342,0.0,Buccaneers,-0.01,52.60%,Patrick Laird,RB,0.1649466192170818,2023.0,patrick laird,patrick laird,patrick laird,,,,,,,,,,,,,,,,,,,,,,,,,,,,,,,,,,,,,,,,,,,,,,,,,,
Cardinals,00-0033951,26.04492261760447,Cardinals,-0.18,23.50%,Marlon Mack,RB,0.2224199288256228,2023.0,marlon mack,marlon mack,marlon mack,,,,,,,,,,,,,,,,,,,,,,,,,,,,,,,,,,,,,,,,,,,,,,,,,,
Cardinals,00-0033725,0.0,Cardinals,-0.18,23.50%,Corey Clement,RB,0.1289145907473309,2023.0,corey clement,corey clement,corey clement,,,,,,,,,,,,,,,,,,,,,,,,,,,,,,,,,,,,,,,,,,,,,,,,,,
Chiefs,00-0038518,0.0,Chiefs,0.1,71.40%,Deneric Prince,RB,0.096085409252669,2023.0,deneric prince,,deneric prince,,,,,,,,,,,,,,,,,,,,,,,,,,,,,,,,,,,,,,,,,,,,,,,,,,
Commanders,00-0036755,0.0,Commanders,-0.21,23.50%,Jaret Patterson,RB,0.0106761565836298,2023.0,jaret patterson,jaret patterson,jaret patterson,,,,,,,,,,,,,,,,,,,,,,,,,,,,,,,,,,,,,,,,,,,,,,,,,,
Cowboys,00-0038910,0.0,Cowboys,0.21,66.70%,SaRodorick Thompson Jr.,RB,0.0053380782918149,2023.0,sarodorick thompson,darwin thompson,darwin thompson,,,,,,,,,,,,,,,,,,,,,,,,,,,,,,,,,,,,,,,,,,,,,,,,,,
Cowboys,00-0037563,0.0,Cowboys,0.21,66.70%,Malik Davis,RB,0.096085409252669,2023.0,malik davis,malik davis,malik davis,,,,,,,,,,,,,,,,,,,,,,,,,,,,,,,,,,,,,,,,,,,,,,,,,,
Eagles,00-0038409,17.678117474302496,Eagles,0.0,61.10%,Lew Nichols III,RB,0.0640569395017793,2023.0,lew nichols,,lew nichols,,,,,,,,,,,,,,,,,,,,,,,,,,,,,,,,,,,,,,,,,,,,,,,,,,
Falcons,00-0036950,34.68436657275694,Falcons,-0.04,41.20%,Avery Williams,RB,0.4448567615658363,2023.0,avery williams,avery williams,avery williams,,,,,,,,,,,,,,,,,,,,,,,,,,,,,,,,,,,,,,,,,,,,,,,,,,
Jaguars,00-0037265,56.33463084134717,Jaguars,-0.04,52.90%,Snoop Conner,RB,0.096085409252669,2023.0,snoop conner,snoop conner,snoop conner,,,,,,,,,,,,,,,,,,,,,,,,,,,,,,,,,,,,,,,,,,,,,,,,,,
Jets,00-0035760,0.0,Jets,-0.12,41.20%,Jacques Patrick,RB,0.0160142348754448,2023.0,jacques patrick,jacques patrick,jacques patrick,,,,,,,,,,,,,,,,,,,,,,,,,,,,,,,,,,,,,,,,,,,,,,,,,,
Jets,00-0038727,0.0,Jets,-0.12,41.20%,Xazavian Valladay,RB,0.0185351423487544,2023.0,xazavian valladay,,xazavian valladay,,,,,,,,,,,,,,,,,,,,,,,,,,,,,,,,,,,,,,,,,,,,,,,,,,
Lions,00-0036670,11.218198284266828,Lions,0.09,70.00%,Jermar Jefferson,RB,0.0587188612099644,2023.0,jermar jefferson,jermar jefferson,jermar jefferson,,,,,,,,,,,,,,,,,,,,,,,,,,,,,,,,,,,,,,,,,,,,,,,,,,
Lions,00-0038656,0.0,Lions,0.09,70.00%,Mohamed Ibrahim,RB,0.0640569395017793,2023.0,mohamed ibrahim,,mohamed ibrahim,,,,,,,,,,,,,,,,,,,,,,,,,,,,,,,,,,,,,,,,,,,,,,,,,,
Packers,00-0038965,0.0,Packers,0.05,52.60%,Ellis Merriweather,RB,0.0480427046263345,2023.0,ellis merriweather,,ellis merriweather,,,,,,,,,,,,,,,,,,,,,,,,,,,,,,,,,,,,,,,,,,,,,,,,,,
Panthers,00-0033556,34.06563191834721,Panthers,-0.17,11.80%,Tarik Cohen,RB,0.1217526690391459,2023.0,tarik cohen,tarik cohen,tarik cohen,,,,,,,,,,,,,,,,,,,,,,,,,,,,,,,,,,,,,,,,,,,,,,,,,,
Panthers,00-0036543,0.0,Panthers,-0.17,11.80%,Spencer Brown,RB,0.0480427046263345,2023.0,spencer brown,spencer brown,spencer brown,,,,,,,,,,,,,,,,,,,,,,,,,,,,,,,,,,,,,,,,,,,,,,,,,,
Panthers,00-0034208,0.0,Panthers,-0.17,11.80%,Mike Boone,RB,0.007161921708185,2023.0,mike boone,mike boone,mike boone,,,,,,,,,,,,,,,,,,,,,,,,,,,,,,,,,,,,,,,,,,,,,,,,,,
Patriots,00-0036450,118.4702457722259,Patriots,-0.12,23.50%,Ke'Shawn Vaughn,RB,0.0214857651245551,2023.0,keshawn vaughn,keshawn vaughn,keshawn vaughn,,,,,,,,,,,,,,,,,,,,,,,,,,,,,,,,,,,,,,,,,,,,,,,,,,
Patriots,00-0035806,0.0,Patriots,-0.12,23.50%,JaMycal Hasty,RB,0.2226814946619217,2023.0,jamycal hasty,jamycal hasty,jamycal hasty,,,,,,,,,,,,,,,,,,,,,,,,,,,,,,,,,,,,,,,,,,,,,,,,,,
Raiders,00-0037329,13.43455828436188,Raiders,-0.05,47.10%,Brittain Brown,RB,0.2201792704626334,2023.0,brittain brown,,brittain brown,,,,,,,,,,,,,,,,,,,,,,,,,,,,,,,,,,,,,,,,,,,,,,,,,,
Raiders,00-0035187,0.0,Raiders,-0.05,47.10%,Austin Walter,RB,0.2224199288256228,2023.0,austin walter,austin walter,austin walter,,,,,,,,,,,,,,,,,,,,,,,,,,,,,,,,,,,,,,,,,,,,,,,,,,
Raiders,00-0037509,0.0,Raiders,-0.05,47.10%,Sincere McCormick,RB,0.096085409252669,2023.0,sincere mccormick,sincere mccormick,sincere mccormick,,,,,,,,,,,,,,,,,,,,,,,,,,,,,,,,,,,,,,,,,,,,,,,,,,
Ravens,00-0038458,0.0,Ravens,0.21,73.70%,Owen Wright,RB,0.096085409252669,2023.0,owen wright,jason wright,jason wright,,,,,,,,,,,,,,,,,,,,,,,,,,,,,,,,,,,,,,,,,,,,,,,,,,
Saints,00-0036383,16.322628695332078,Saints,0.08,52.90%,Eno Benjamin,RB,0.449288256227758,2023.0,eno benjamin,eno benjamin,eno benjamin,,,,,,,,,,,,,,,,,,,,,,,,,,,,,,,,,,,,,,,,,,,,,,,,,,
Saints,00-0035831,0.0,Saints,0.08,52.90%,James Robinson,RB,0.0286476868327402,2023.0,james robinson,james robinson,james robinson,,,,,,,,,,,,,,,,,,,,,,,,,,,,,,,,,,,,,,,,,,,,,,,,,,
Saints,00-0038678,0.0,Saints,0.08,52.90%,Jordan Mims,RB,0.0587188612099644,2023.0,jordan mims,jordan mims,jordan mims,,,,,,,,,,,,,,,,,,,,,,,,,,,,,,,,,,,,,,,,,,,,,,,,,,
Saints,00-0036364,112.66388785777104,Saints,0.08,52.90%,Lynn Bowden,RB,0.3655075622775801,2023.0,lynn bowden,,lynn bowden,,,,,,,,,,,,,,,,,,,,,,,,,,,,,,,,,,,,,,,,,,,,,,,,,,
Seahawks,00-0038636,17.39545080763583,Seahawks,-0.04,52.90%,Kenny McIntosh,RB,0.277008896797153,2023.0,kenny mcintosh,kenny mcintosh,kenny mcintosh,,,,,,,,,,,,,,,,,,,,,,,,,,,,,,,,,,,,,,,,,,,,,,,,,,
Seahawks,00-0037495,0.0,Seahawks,-0.04,52.90%,Bryant Koback,RB,0.0587188612099644,2023.0,bryant koback,,bryant koback,,,,,,,,,,,,,,,,,,,,,,,,,,,,,,,,,,,,,,,,,,,,,,,,,,
Steelers,00-0036336,64.60014200997853,Steelers,-0.03,55.60%,Anthony McFarland,RB,0.0106761565836298,2023.0,anthony mcfarland,anthony mcfarland,anthony mcfarland,,,,,,,,,,,,,,,,,,,,,,,,,,,,,,,,,,,,,,,,,,,,,,,,,,
Steelers,00-0034614,0.0,Steelers,-0.03,55.60%,Godwin Igwebuike,RB,0.3993665480427046,2023.0,godwin igwebuike,godwin igwebuike,godwin igwebuike,,,,,,,,,,,,,,,,,,,,,,,,,,,,,,,,,,,,,,,,,,,,,,,,,,
Steelers,00-0038957,0.0,Steelers,-0.03,55.60%,Alfonzo Graham,RB,0.2001779359430605,2023.0,alfonzo graham,,alfonzo graham,,,,,,,,,,,,,,,,,,,,,,,,,,,,,,,,,,,,,,,,,,,,,,,,,,
Texans,00-0036096,0.0,Texans,0.02,57.90%,J.J. Taylor,RB,0.0533807829181494,2023.0,jj taylor,jj taylor,jj taylor,,,,,,,,,,,,,,,,,,,,,,,,,,,,,,,,,,,,,,,,,,,,,,,,,,
Titans,00-0037617,73.33460703775393,Titans,-0.07,35.30%,Hassan Haskins,RB,0.2882806939501779,2023.0,hassan haskins,hassan haskins,hassan haskins,,,,,,,,,,,,,,,,,,,,,,,,,,,,,,,,,,,,,,,,,,,,,,,,,,
Titans,00-0037594,0.0,Titans,-0.07,35.30%,Julius Chestnut,RB,0.2405836298932384,2023.0,julius chestnut,julius chestnut,julius chestnut,,,,,,,,,,,,,,,,,,,,,,,,,,,,,,,,,,,,,,,,,,,,,,,,,,
Vikings,00-0039046,22.03324410718681,Vikings,-0.02,41.20%,DeWayne McBride,RB,0.096085409252669,2023.0,dewayne mcbride,,dewayne mcbride,,,,,,,,,,,,,,,,,,,,,,,,,,,,,,,,,,,,,,,,,,,,,,,,,,
Vikings,00-0035311,12.062853155490274,Vikings,-0.02,41.20%,Myles Gaskin,RB,0.0572953736654804,2023.0,myles gaskin,myles gaskin,myles gaskin,,,,,,,,,,,,,,,,,,,,,,,,,,,,,,,,,,,,,,,,,,,,,,,,,,
49ers,00-0038389,64.06017270010196,49ers,0.02174647007,35.30%,Israel Abanikanda,RB,0.0995164447924823,2024.0,israel abanikanda,israel abanikanda,israel abanikanda,,,,,,,,,,,,,,,,,,,,,,,,,,,,,,,,,,,,,,,,,,,,,,,,,,
49ers,00-0036567,26.88283313507921,49ers,0.02174647007,35.30%,Elijah Mitchell,RB,0.4310462020360219,2024.0,elijah mitchell,elijah mitchell,elijah mitchell,,,,,,,,,,,,,,,,,,,,,,,,,,,,,,,,,,,,,,,,,,,,,,,,,,
Bears,00-0039466,0.0,Bears,-0.08766408568,29.40%,Ian Wheeler,RB,0.1850039154267815,2024.0,ian wheeler,,ian wheeler,,,,,,,,,,,,,,,,,,,,,,,,,,,,,,,,,,,,,,,,,,,,,,,,,,
Bengals,00-0036569,25.86757318205427,Bengals,0.04236154557,52.90%,Gary Brightwell,RB,0.0526233359436178,2024.0,gary brightwell,gary brightwell,gary brightwell,,,,,,,,,,,,,,,,,,,,,,,,,,,,,,,,,,,,,,,,,,,,,,,,,,
Bengals,00-0036857,23.39092405836725,Bengals,0.04236154557,52.90%,Chris Evans,RB,0.4300007830853563,2024.0,chris evans,chris evans,chris evans,,,,,,,,,,,,,,,,,,,,,,,,,,,,,,,,,,,,,,,,,,,,,,,,,,
Bengals,00-0035291,21.557013251157727,Bengals,0.04236154557,52.90%,Trayveon Williams,RB,0.3856695379796397,2024.0,trayveon williams,trayveon williams,trayveon williams,,,,,,,,,,,,,,,,,,,,,,,,,,,,,,,,,,,,,,,,,,,,,,,,,,
Bengals,00-0039266,0.0,Bengals,0.04236154557,52.90%,Kendall Milton,RB,0.0172932654659357,2024.0,kendall milton,,kendall milton,,,,,,,,,,,,,,,,,,,,,,,,,,,,,,,,,,,,,,,,,,,,,,,,,,
Bills,00-0039471,0.0,Bills,0.1922816216,75.00%,Frank Gore Jr.,RB,0.0880971025841816,2024.0,frank gore,frank gore,frank gore,,,,,,,,,,,,,,,,,,,,,,,,,,,,,,,,,,,,,,,,,,,,,,,,,,
Browns,00-0034367,40.877270876626945,Browns,-0.1797469028,17.70%,Nyheim Hines,RB,0.5364134690681285,2024.0,nyheim hines,nyheim hines,nyheim hines,,,,,,,,,,,,,,,,,,,,,,,,,,,,,,,,,,,,,,,,,,,,,,,,,,
Browns,00-0034808,17.311118391085646,Browns,-0.1797469028,17.70%,John Kelly,RB,0.0229487079091621,2024.0,john kelly,john kelly,john kelly,,,,,,,,,,,,,,,,,,,,,,,,,,,,,,,,,,,,,,,,,,,,,,,,,,
Browns,00-0039516,0.0,Browns,-0.1797469028,17.70%,Aidan Robbins,RB,0.0048942834768989,2024.0,aidan robbins,brian robinson,brian robinson,,,,,,,,,,,,,,,,,,,,,,,,,,,,,,,,,,,,,,,,,,,,,,,,,,
Buccaneers,00-0034681,28.701595860053285,Buccaneers,0.1051836178,55.60%,Chase Edmonds,RB,0.5873140172278779,2024.0,chase edmonds,chase edmonds,chase edmonds,,,,,,,,,,,,,,,,,,,,,,,,,,,,,,,,,,,,,,,,,,,,,,,,,,
Buccaneers,00-0039595,0.0,Buccaneers,0.1051836178,55.60%,D.J. Williams,RB,0.0880971025841816,2024.0,dj williams,andre williams,andre williams,,,,,,,,,,,,,,,,,,,,,,,,,,,,,,,,,,,,,,,,,,,,,,,,,,
Cardinals,00-0038714,0.0,Cardinals,0.01573369863,47.10%,Hassan Hall,RB,0.0048942834768989,2024.0,hassan hall,hassan haskins,hassan haskins,,,,,,,,,,,,,,,,,,,,,,,,,,,,,,,,,,,,,,,,,,,,,,,,,,
Chargers,00-0036755,0.0,Chargers,0.08650381147,61.10%,Jaret Patterson,RB,0.0880971025841816,2024.0,jaret patterson,jaret patterson,jaret patterson,,,,,,,,,,,,,,,,,,,,,,,,,,,,,,,,,,,,,,,,,,,,,,,,,,
Chiefs,00-0037299,26.119140006414483,Chiefs,0.0383547092,85.00%,Keaontay Ingram,RB,0.0734142521534847,2024.0,keaontay ingram,keaontay ingram,keaontay ingram,,,,,,,,,,,,,,,,,,,,,,,,,,,,,,,,,,,,,,,,,,,,,,,,,,
Colts,00-0038397,42.57848065232054,Colts,-0.06411872932,47.10%,Evan Hull,RB,0.0489428347689898,2024.0,evan hull,evan hull,evan hull,,,,,,,,,,,,,,,,,,,,,,,,,,,,,,,,,,,,,,,,,,,,,,,,,,
Colts,00-0036020,0.0,Colts,-0.06411872932,47.10%,Salvon Ahmed,RB,0.0789350039154267,2024.0,salvon ahmed,salvon ahmed,salvon ahmed,,,,,,,,,,,,,,,,,,,,,,,,,,,,,,,,,,,,,,,,,,,,,,,,,,
Commanders,00-0039684,0.0,Commanders,0.1328873341,70.00%,Michael Wiley,RB,0.0880971025841816,2024.0,michael wiley,michael hill,michael hill,,,,,,,,,,,,,,,,,,,,,,,,,,,,,,,,,,,,,,,,,,,,,,,,,,
Cowboys,00-0037563,0.0,Cowboys,-0.1874393508,41.20%,Malik Davis,RB,0.0880971025841816,2024.0,malik davis,malik davis,malik davis,,,,,,,,,,,,,,,,,,,,,,,,,,,,,,,,,,,,,,,,,,,,,,,,,,
Dolphins,00-0038518,0.0,Dolphins,-0.03099899621,47.10%,Deneric Prince,RB,0.0880971025841816,2024.0,deneric prince,,deneric prince,,,,,,,,,,,,,,,,,,,,,,,,,,,,,,,,,,,,,,,,,,,,,,,,,,
Falcons,00-0036950,31.38371269590614,Falcons,-0.03880498761,47.10%,Avery Williams,RB,0.436584964761159,2024.0,avery williams,avery williams,avery williams,,,,,,,,,,,,,,,,,,,,,,,,,,,,,,,,,,,,,,,,,,,,,,,,,,
Falcons,00-0038930,0.0,Falcons,-0.03880498761,47.10%,Carlos Washington Jr.,RB,0.0691730618637431,2024.0,carlos washington,leon washington,leon washington,,,,,,,,,,,,,,,,,,,,,,,,,,,,,,,,,,,,,,,,,,,,,,,,,,
Falcons,00-0038862,0.0,Falcons,-0.03880498761,47.10%,Elijah Dotson,RB,0.0244714173844949,2024.0,elijah dotson,elijah dotson,elijah dotson,,,,,,,,,,,,,,,,,,,,,,,,,,,,,,,,,,,,,,,,,,,,,,,,,,
Giants,00-0039230,0.0,Giants,-0.1729829461,17.70%,Dante Miller,RB,0.0172932654659357,2024.0,dante miller,kendre miller,kendre miller,,,,,,,,,,,,,,,,,,,,,,,,,,,,,,,,,,,,,,,,,,,,,,,,,,
Jaguars,00-0039385,52.98005046981233,Jaguars,-0.155612123,23.50%,Keilan Robinson,RB,0.2611115896632733,2024.0,keilan robinson,brian robinson,brian robinson,,,,,,,,,,,,,,,,,,,,,,,,,,,,,,,,,,,,,,,,,,,,,,,,,,
Jaguars,00-0035311,8.93638141099515,Jaguars,-0.155612123,23.50%,Myles Gaskin,RB,0.0263116679718089,2024.0,myles gaskin,myles gaskin,myles gaskin,,,,,,,,,,,,,,,,,,,,,,,,,,,,,,,,,,,,,,,,,,,,,,,,,,
Jets,00-0036842,68.59975850726437,Jets,-0.02455557428,29.40%,Kene Nwangwu,RB,0.1147439310884886,2024.0,kene nwangwu,kene nwangwu,kene nwangwu,,,,,,,,,,,,,,,,,,,,,,,,,,,,,,,,,,,,,,,,,,,,,,,,,,
Jets,00-0039136,22.68121074240304,Jets,-0.02455557428,29.40%,Zach Evans,RB,0.0146828504306969,2024.0,zach evans,zach evans,zach evans,,,,,,,,,,,,,,,,,,,,,,,,,,,,,,,,,,,,,,,,,,,,,,,,,,
Packers,00-0036265,130.3922404356245,Packers,0.1652537339,61.10%,A.J. Dillon,RB,0.5060689115113547,2024.0,aj dillon,aj dillon,aj dillon,,,,,,,,,,,,,,,,,,,,,,,,,,,,,,,,,,,,,,,,,,,,,,,,,,
Packers,00-0039687,0.0,Packers,0.1652537339,61.10%,Deshaun Fenwick,RB,0.0097885669537979,2024.0,deshaun fenwick,,deshaun fenwick,,,,,,,,,,,,,,,,,,,,,,,,,,,,,,,,,,,,,,,,,,,,,,,,,,
Packers,00-0038965,0.0,Packers,0.1652537339,61.10%,Ellis Merriweather,RB,0.0880971025841816,2024.0,ellis merriweather,,ellis merriweather,,,,,,,,,,,,,,,,,,,,,,,,,,,,,,,,,,,,,,,,,,,,,,,,,,
Panthers,00-0039311,0.0,Panthers,-0.2237786502,29.40%,Emani Bailey,RB,0.0244714173844949,2024.0,emani bailey,,emani bailey,,,,,,,,,,,,,,,,,,,,,,,,,,,,,,,,,,,,,,,,,,,,,,,,,,
Patriots,00-0037286,34.68436657275694,Patriots,-0.1598290139,23.50%,Kevin Harris,RB,0.0880971025841816,2024.0,kevin harris,kevin harris,kevin harris,,,,,,,,,,,,,,,,,,,,,,,,,,,,,,,,,,,,,,,,,,,,,,,,,,
Raiders,00-0038045,72.36323116309717,Raiders,-0.1373166516,23.50%,Isaiah Spiller,RB,0.0146828504306969,2024.0,isaiah spiller,isaiah spiller,isaiah spiller,,,,,,,,,,,,,,,,,,,,,,,,,,,,,,,,,,,,,,,,,,,,,,,,,,
Raiders,00-0037450,0.0,Raiders,-0.1373166516,23.50%,Tyreik McAllister,RB,0.0440485512920908,2024.0,tyreik mcallister,,tyreik mcallister,,,,,,,,,,,,,,,,,,,,,,,,,,,,,,,,,,,,,,,,,,,,,,,,,,
Ravens,00-0038458,0.0,Ravens,0.269860976,68.40%,Owen Wright,RB,0.1840250587314017,2024.0,owen wright,jason wright,jason wright,,,,,,,,,,,,,,,,,,,,,,,,,,,,,,,,,,,,,,,,,,,,,,,,,,
Saints,00-0038727,0.0,Saints,-0.08437242371,29.40%,Xazavian Valladay,RB,0.0440485512920908,2024.0,xazavian valladay,,xazavian valladay,,,,,,,,,,,,,,,,,,,,,,,,,,,,,,,,,,,,,,,,,,,,,,,,,,
Seahawks,00-0037329,12.156091030475611,Seahawks,-0.01655071719,58.80%,Brittain Brown,RB,0.0195771339075959,2024.0,brittain brown,,brittain brown,,,,,,,,,,,,,,,,,,,,,,,,,,,,,,,,,,,,,,,,,,,,,,,,,,
Texans,00-0039405,29.929320601291877,Texans,0.0006868162663,57.90%,Jawhar Jordan,RB,0.0538371182458888,2024.0,jawhar jordan,,jawhar jordan,,,,,,,,,,,,,,,,,,,,,,,,,,,,,,,,,,,,,,,,,,,,,,,,,,
Texans,00-0039603,0.0,Texans,0.0006868162663,57.90%,British Brooks,RB,0.2111072826938136,2024.0,british brooks,chris brooks,chris brooks,,,,,,,,,,,,,,,,,,,,,,,,,,,,,,,,,,,,,,,,,,,,,,,,,,
Titans,00-0039652,0.0,Titans,-0.1290081858,17.70%,Jabari Small,RB,0.0880971025841816,2024.0,jabari small,,jabari small,,,,,,,,,,,,,,,,,,,,,,,,,,,,,,,,,,,,,,,,,,,,,,,,,,
