team,player_id,adjusted_value,Team,Net EPA,Win %,Player,Position,Cap_Space,year,merge_player_x,fuzzy_matched_player,final_player_name,Unnamed: 0,player,team_name,position,accuracy_percent,aimed_passes,attempts,avg_depth_of_target,avg_time_to_throw,bats,big_time_throws,btt_rate,completion_percent,completions,declined_penalties,def_gen_pressures,drop_rate,dropbacks,drops,first_downs,franchise_id,grades_hands_fumble,grades_offense,grades_pass,grades_run,hit_as_threw,interceptions,passing_snaps,penalties,pressure_to_sack_rate,qb_rating,sack_percent,sacks,scrambles,spikes,thrown_aways,touchdowns,turnover_worthy_plays,twp_rate,yards,ypa,Year,weighted_grade,weighted_average_grade,merge_player_y
Bengals,00-0027605,43.74603858657363,Bengals,-0.06,25.00%,Dan LeFevour,QB,0.2601626016260162,2010.0,dan lefevour,,dan lefevour,,,,,,,,,,,,,,,,,,,,,,,,,,,,,,,,,,,,,,,,,,,,,
Broncos,00-0025409,283.76547319890085,Broncos,-0.13,25.00%,Brady Quinn,QB,0.5691056910569106,2010.0,brady quinn,brady quinn,brady quinn,,,,,,,,,,,,,,,,,,,,,,,,,,,,,,,,,,,,,,,,,,,,,
Colts,00-0027134,28.86611394023547,Colts,0.06,58.80%,Curtis Painter,QB,0.3396341463414634,2010.0,curtis painter,curtis painter,curtis painter,,,,,,,,,,,,,,,,,,,,,,,,,,,,,,,,,,,,,,,,,,,,,
Commanders,00-0025427,204.4017657041202,Commanders,-0.12,37.50%,John Beck,QB,0.584349593495935,2010.0,john beck,john beck,john beck,,,,,,,,,,,,,,,,,,,,,,,,,,,,,,,,,,,,,,,,,,,,,
Eagles,00-0027722,89.16640637281117,Eagles,0.01,58.80%,Mike Kafka,QB,0.3550373983739837,2010.0,mike kafka,mike kafka,mike kafka,,,,,,,,,,,,,,,,,,,,,,,,,,,,,,,,,,,,,,,,,,,,,
Falcons,00-0026505,0.0,Falcons,0.1,76.50%,John Parker Wilson,QB,0.3282520325203252,2010.0,john parker wilson,,john parker wilson,,,,,,,,,,,,,,,,,,,,,,,,,,,,,,,,,,,,,,,,,,,,,
Giants,00-0020480,15.653710700060016,Giants,0.09,62.50%,Sage Rosenfels,QB,2.4932252032520323,2010.0,sage rosenfels,,sage rosenfels,,,,,,,,,,,,,,,,,,,,,,,,,,,,,,,,,,,,,,,,,,,,,
Rams,00-0020305,9.202304938662405,Rams,-0.04,43.80%,A.J. Feeley,QB,2.642276422764228,2010.0,aj feeley,aj feeley,aj feeley,,,,,,,,,,,,,,,,,,,,,,,,,,,,,,,,,,,,,,,,,,,,,
Ravens,00-0019599,5.817295714038884,Ravens,0.06,72.20%,Marc Bulger,QB,3.089430894308943,2010.0,marc bulger,,marc bulger,,,,,,,,,,,,,,,,,,,,,,,,,,,,,,,,,,,,,,,,,,,,,
Seahawks,00-0022912,140.91376371398923,Seahawks,-0.13,44.40%,J.P. Losman,QB,0.5121951219512195,2010.0,jp losman,jp losman,jp losman,,,,,,,,,,,,,,,,,,,,,,,,,,,,,,,,,,,,,,,,,,,,,
Texans,00-0024225,360.3334839346859,Texans,-0.04,37.50%,Matt Leinart,QB,0.5121951219512195,2010.0,matt leinart,matt leinart,matt leinart,,,,,,,,,,,,,,,,,,,,,,,,,,,,,,,,,,,,,,,,,,,,,
Texans,00-0023578,34.33737520449745,Texans,-0.04,37.50%,Dan Orlovsky,QB,1.3414634146341464,2010.0,dan orlovsky,dan orlovsky,dan orlovsky,,,,,,,,,,,,,,,,,,,,,,,,,,,,,,,,,,,,,,,,,,,,,
Vikings,00-0026916,58.65647718815181,Vikings,-0.07,37.50%,Rhett Bomar,QB,0.2601626016260162,2010.0,rhett bomar,,rhett bomar,,,,,,,,,,,,,,,,,,,,,,,,,,,,,,,,,,,,,,,,,,,,,
Vikings,00-0027384,0.0,Vikings,-0.07,37.50%,R.J. Archer,QB,0.045910569105691,2010.0,rj archer,,rj archer,,,,,,,,,,,,,,,,,,,,,,,,,,,,,,,,,,,,,,,,,,,,,
49ers,00-0028595,0.0,49ers,0.12,77.80%,Scott Tolzien,QB,0.3115264797507788,2011.0,scott tolzien,scott tolzien,scott tolzien,,,,,,,,,,,,,,,,,,,,,,,,,,,,,,,,,,,,,,,,,,,,,
Bears,00-0028098,57.99784614601104,Bears,-0.07,50.00%,Nathan Enderle,QB,0.3465960539979231,2011.0,nathan enderle,,nathan enderle,,,,,,,,,,,,,,,,,,,,,,,,,,,,,,,,,,,,,,,,,,,,,
Broncos,00-0025409,256.76161809704575,Broncos,-0.09,50.00%,Brady Quinn,QB,0.5815160955347871,2011.0,brady quinn,brady quinn,brady quinn,,,,,,,,,,,,,,,,,,,,,,,,,,,,,,,,,,,,,,,,,,,,,
Chargers,00-0019041,0.0,Chargers,0.04,50.00%,Billy Volek,QB,2.076843198338526,2011.0,billy volek,billy volek,billy volek,,,,,,,,,,,,,,,,,,,,,,,,,,,,,,,,,,,,,,,,,,,,,
Chiefs,00-0028073,77.50214835374705,Chiefs,-0.1,43.80%,Ricky Stanzi,QB,0.355358670820353,2011.0,ricky stanzi,,ricky stanzi,,,,,,,,,,,,,,,,,,,,,,,,,,,,,,,,,,,,,,,,,,,,,
Colts,00-0010346,45.04920239355782,Colts,-0.19,12.50%,Peyton Manning,QB,13.291796469366563,2011.0,peyton manning,peyton manning,peyton manning,,,,,,,,,,,,,,,,,,,,,,,,,,,,,,,,,,,,,,,,,,,,,
Dolphins,00-0028453,0.0,Dolphins,-0.01,37.50%,Pat Devlin,QB,0.0804984423676012,2011.0,pat devlin,,pat devlin,,,,,,,,,,,,,,,,,,,,,,,,,,,,,,,,,,,,,,,,,,,,,
Dolphins,00-0028453,0.0,Dolphins,-0.01,37.50%,Pat Devlin,QB,0.0366496365524402,2011.0,pat devlin,,pat devlin,,,,,,,,,,,,,,,,,,,,,,,,,,,,,,,,,,,,,,,,,,,,,
Falcons,00-0026505,0.0,Falcons,0.08,58.80%,John Parker Wilson,QB,0.0662928348909657,2011.0,john parker wilson,,john parker wilson,,,,,,,,,,,,,,,,,,,,,,,,,,,,,,,,,,,,,,,,,,,,,
Giants,00-0020608,149.56861922263505,Giants,-0.02,65.00%,David Carr,QB,0.4361370716510903,2011.0,david carr,david carr,david carr,,,,,,,,,,,,,,,,,,,,,,,,,,,,,,,,,,,,,,,,,,,,,
Jaguars,00-0027605,39.58305260397674,Jaguars,-0.14,31.30%,Dan LeFevour,QB,0.3862928348909658,2011.0,dan lefevour,,dan lefevour,,,,,,,,,,,,,,,,,,,,,,,,,,,,,,,,,,,,,,,,,,,,,
Jets,00-0026234,94.02147453199008,Jets,0.01,50.00%,Kevin O'Connell,QB,0.4361370716510903,2011.0,kevin oconnell,aidan oconnell,aidan oconnell,,,,,,,,,,,,,,,,,,,,,,,,,,,,,,,,,,,,,,,,,,,,,
Lions,00-0025430,175.9788377699521,Lions,0.15,58.80%,Drew Stanton,QB,0.5399792315680166,2011.0,drew stanton,drew stanton,drew stanton,,,,,,,,,,,,,,,,,,,,,,,,,,,,,,,,,,,,,,,,,,,,,
Packers,00-0027602,0.0,Packers,0.18,88.20%,Graham Harrell,QB,0.3738317757009346,2011.0,graham harrell,graham harrell,graham harrell,,,,,,,,,,,,,,,,,,,,,,,,,,,,,,,,,,,,,,,,,,,,,
Panthers,00-0027659,219.1991873753312,Panthers,0.02,37.50%,Jimmy Clausen,QB,0.604361370716511,2011.0,jimmy clausen,jimmy clausen,jimmy clausen,,,,,,,,,,,,,,,,,,,,,,,,,,,,,,,,,,,,,,,,,,,,,
Panthers,00-0023645,9.65494466405349,Panthers,0.02,37.50%,Derek Anderson,QB,0.6105919003115264,2011.0,derek anderson,derek anderson,derek anderson,,,,,,,,,,,,,,,,,,,,,,,,,,,,,,,,,,,,,,,,,,,,,
Patriots,00-0028012,164.45765423170616,Patriots,0.14,79.00%,Ryan Mallett,QB,0.4452494288681204,2011.0,ryan mallett,ryan mallett,ryan mallett,,,,,,,,,,,,,,,,,,,,,,,,,,,,,,,,,,,,,,,,,,,,,
Steelers,00-0026296,44.83683254133887,Steelers,0.13,70.60%,Dennis Dixon,QB,0.9968847352024922,2011.0,dennis dixon,dennis dixon,dennis dixon,,,,,,,,,,,,,,,,,,,,,,,,,,,,,,,,,,,,,,,,,,,,,
Titans,00-0027775,42.57848065232054,Titans,-0.02,56.30%,Rusty Smith,QB,0.3975543094496365,2011.0,rusty smith,rusty smith,rusty smith,,,,,,,,,,,,,,,,,,,,,,,,,,,,,,,,,,,,,,,,,,,,,
49ers,00-0028595,0.0,49ers,0.19,72.20%,Scott Tolzien,QB,0.3855721393034826,2012.0,scott tolzien,scott tolzien,scott tolzien,,,,,,,,,,,,,,,,,,,,,,,,,,,,,,,,,,,,,,,,,,,,,
Bears,00-0021206,16.620068097773437,Bears,0.09,62.50%,Josh McCown,QB,0.4477611940298507,2012.0,josh mccown,josh mccown,josh mccown,,,,,,,,,,,,,,,,,,,,,,,,,,,,,,,,,,,,,,,,,,,,,
Bills,00-0024279,69.19058654083321,Bills,-0.09,37.50%,Tarvaris Jackson,QB,1.616915422885572,2012.0,tarvaris jackson,tarvaris jackson,tarvaris jackson,,,,,,,,,,,,,,,,,,,,,,,,,,,,,,,,,,,,,,,,,,,,,
Broncos,00-0025970,0.0,Broncos,0.19,76.50%,Caleb Hanie,QB,0.9328358208955224,2012.0,caleb hanie,caleb hanie,caleb hanie,,,,,,,,,,,,,,,,,,,,,,,,,,,,,,,,,,,,,,,,,,,,,
Browns,00-0026300,38.877118898562046,Browns,-0.06,31.30%,Josh Johnson,QB,1.1267189054726368,2012.0,josh johnson,josh johnson,josh johnson,,,,,,,,,,,,,,,,,,,,,,,,,,,,,,,,,,,,,,,,,,,,,
Chargers,00-0024296,55.180569348451385,Chargers,-0.02,43.80%,Charlie Whitehurst,QB,1.0364842454394694,2012.0,charlie whitehurst,charlie whitehurst,charlie whitehurst,,,,,,,,,,,,,,,,,,,,,,,,,,,,,,,,,,,,,,,,,,,,,
Chiefs,00-0028073,70.12684380864437,Chiefs,-0.26,12.50%,Ricky Stanzi,QB,0.4293225538971807,2012.0,ricky stanzi,,ricky stanzi,,,,,,,,,,,,,,,,,,,,,,,,,,,,,,,,,,,,,,,,,,,,,
Commanders,00-0022121,57.291260965963794,Commanders,0.09,58.80%,Rex Grossman,QB,1.077943615257048,2012.0,rex grossman,rex grossman,rex grossman,,,,,,,,,,,,,,,,,,,,,,,,,,,,,,,,,,,,,,,,,,,,,
Dolphins,00-0028453,0.0,Dolphins,-0.08,43.80%,Pat Devlin,QB,0.3233830845771144,2012.0,pat devlin,,pat devlin,,,,,,,,,,,,,,,,,,,,,,,,,,,,,,,,,,,,,,,,,,,,,
Falcons,00-0022864,21.92873364922608,Falcons,0.12,77.80%,Luke McCown,QB,0.4477611940298507,2012.0,luke mccown,luke mccown,luke mccown,,,,,,,,,,,,,,,,,,,,,,,,,,,,,,,,,,,,,,,,,,,,,
Jaguars,00-0025592,14.86246076306302,Jaguars,-0.19,12.50%,Jordan Palmer,QB,0.5099502487562189,2012.0,jordan palmer,jordan palmer,jordan palmer,,,,,,,,,,,,,,,,,,,,,,,,,,,,,,,,,,,,,,,,,,,,,
Lions,00-0029234,0.0,Lions,-0.03,25.00%,Kellen Moore,QB,0.328910447761194,2012.0,kellen moore,kellen moore,kellen moore,,,,,,,,,,,,,,,,,,,,,,,,,,,,,,,,,,,,,,,,,,,,,
Panthers,00-0027659,198.33962674027515,Panthers,0.05,43.80%,Jimmy Clausen,QB,0.6737147595356551,2012.0,jimmy clausen,jimmy clausen,jimmy clausen,,,,,,,,,,,,,,,,,,,,,,,,,,,,,,,,,,,,,,,,,,,,,
Rams,00-0028957,0.0,Rams,-0.03,46.70%,Austin Davis,QB,0.3233830845771144,2012.0,austin davis,austin davis,austin davis,,,,,,,,,,,,,,,,,,,,,,,,,,,,,,,,,,,,,,,,,,,,,
Texans,00-0025427,137.01460099655182,Texans,0.17,72.20%,John Beck,QB,0.1451077943615256,2012.0,john beck,john beck,john beck,,,,,,,,,,,,,,,,,,,,,,,,,,,,,,,,,,,,,,,,,,,,,
Vikings,00-0028359,0.0,Vikings,-0.01,58.80%,McLeod Bethel-Thompson,QB,0.3254560530679933,2012.0,mcleod bethelthompson,,mcleod bethelthompson,,,,,,,,,,,,,,,,,,,,,,,,,,,,,,,,,,,,,,,,,,,,,
Bears,00-0025592,11.010381737444192,Bears,0.0,50.00%,Jordan Palmer,QB,0.2641351132686084,2013.0,jordan palmer,jordan palmer,jordan palmer,,,,,,,,,,,,,,,,,,,,,,,,,,,,,,,,,,,,,,,,,,,,,
Bengals,00-0026300,28.800878047664327,Bengals,0.14,64.70%,Josh Johnson,QB,0.7453478964401294,2013.0,josh johnson,josh johnson,josh johnson,,,,,,,,,,,,,,,,,,,,,,,,,,,,,,,,,,,,,,,,,,,,,
Broncos,00-0030394,17.99566226138032,Broncos,0.21,79.00%,Zac Dysert,QB,0.3374190938511326,2013.0,zac dysert,,zac dysert,,,,,,,,,,,,,,,,,,,,,,,,,,,,,,,,,,,,,,,,,,,,,
Browns,00-0029623,0.0,Browns,-0.06,25.00%,Alex Tanney,QB,0.0963729773462783,2013.0,alex tanney,alex tanney,alex tanney,,,,,,,,,,,,,,,,,,,,,,,,,,,,,,,,,,,,,,,,,,,,,
Buccaneers,00-0023578,13.960534953277811,Buccaneers,-0.1,25.00%,Dan Orlovsky,QB,0.4490291262135922,2013.0,dan orlovsky,dan orlovsky,dan orlovsky,,,,,,,,,,,,,,,,,,,,,,,,,,,,,,,,,,,,,,,,,,,,,
Cardinals,00-0025430,96.57923387445264,Cardinals,0.07,62.50%,Drew Stanton,QB,1.3484360841423948,2013.0,drew stanton,drew stanton,drew stanton,,,,,,,,,,,,,,,,,,,,,,,,,,,,,,,,,,,,,,,,,,,,,
Cardinals,00-0029531,37.54576848176512,Cardinals,0.07,62.50%,Ryan Lindley,QB,0.4096496763754045,2013.0,ryan lindley,ryan lindley,ryan lindley,,,,,,,,,,,,,,,,,,,,,,,,,,,,,,,,,,,,,,,,,,,,,
Chargers,00-0024296,40.87877120092391,Chargers,0.05,55.60%,Charlie Whitehurst,QB,1.4563106796116505,2013.0,charlie whitehurst,charlie whitehurst,charlie whitehurst,,,,,,,,,,,,,,,,,,,,,,,,,,,,,,,,,,,,,,,,,,,,,
Chargers,00-0030292,22.35478889426464,Chargers,0.05,55.60%,Brad Sorensen,QB,0.3396844660194175,2013.0,brad sorensen,,brad sorensen,,,,,,,,,,,,,,,,,,,,,,,,,,,,,,,,,,,,,,,,,,,,,
Chiefs,00-0030151,0.0,Chiefs,0.07,64.70%,Tyler Bray,QB,0.3303665048543689,2013.0,tyler bray,tyler bray,tyler bray,,,,,,,,,,,,,,,,,,,,,,,,,,,,,,,,,,,,,,,,,,,,,
Commanders,00-0022121,42.442410009417266,Commanders,-0.09,18.80%,Rex Grossman,QB,0.465210355987055,2013.0,rex grossman,rex grossman,rex grossman,,,,,,,,,,,,,,,,,,,,,,,,,,,,,,,,,,,,,,,,,,,,,
Cowboys,00-0009311,0.0,Cowboys,0.0,50.00%,Jon Kitna,QB,0.0264134304207119,2013.0,jon kitna,jon kitna,jon kitna,,,,,,,,,,,,,,,,,,,,,,,,,,,,,,,,,,,,,,,,,,,,,
Dolphins,00-0028453,0.0,Dolphins,-0.06,50.00%,Pat Devlin,QB,0.3883495145631068,2013.0,pat devlin,,pat devlin,,,,,,,,,,,,,,,,,,,,,,,,,,,,,,,,,,,,,,,,,,,,,
Giants,00-0030586,103.53375634267866,Giants,-0.09,43.80%,Ryan Nassib,QB,0.4194174757281553,2013.0,ryan nassib,ryan nassib,ryan nassib,,,,,,,,,,,,,,,,,,,,,,,,,,,,,,,,,,,,,,,,,,,,,
Jaguars,00-0028073,63.45339228682479,Jaguars,-0.24,25.00%,Ricky Stanzi,QB,0.3433745954692556,2013.0,ricky stanzi,,ricky stanzi,,,,,,,,,,,,,,,,,,,,,,,,,,,,,,,,,,,,,,,,,,,,,
Jaguars,00-0028073,63.45339228682479,Jaguars,-0.24,25.00%,Ricky Stanzi,QB,0.1056537216828479,2013.0,ricky stanzi,,ricky stanzi,,,,,,,,,,,,,,,,,,,,,,,,,,,,,,,,,,,,,,,,,,,,,
Jets,00-0026898,446.06446015983187,Jets,-0.1,50.00%,Mark Sanchez,QB,10.39896844660194,2013.0,mark sanchez,mark sanchez,mark sanchez,,,,,,,,,,,,,,,,,,,,,,,,,,,,,,,,,,,,,,,,,,,,,
Jets,00-0021231,8.710984409469862,Jets,-0.1,50.00%,David Garrard,QB,0.889967637540453,2013.0,david garrard,david garrard,david garrard,,,,,,,,,,,,,,,,,,,,,,,,,,,,,,,,,,,,,,,,,,,,,
Lions,00-0029234,0.0,Lions,0.03,43.80%,Kellen Moore,QB,0.3937427184466019,2013.0,kellen moore,kellen moore,kellen moore,,,,,,,,,,,,,,,,,,,,,,,,,,,,,,,,,,,,,,,,,,,,,
Lions,00-0020679,0.0,Lions,0.03,43.80%,Shaun Hill,QB,2.629449838187702,2013.0,shaun hill,shaun hill,shaun hill,,,,,,,,,,,,,,,,,,,,,,,,,,,,,,,,,,,,,,,,,,,,,
Panthers,00-0023645,5.298745977476488,Panthers,0.15,70.60%,Derek Anderson,QB,0.4490291262135922,2013.0,derek anderson,derek anderson,derek anderson,,,,,,,,,,,,,,,,,,,,,,,,,,,,,,,,,,,,,,,,,,,,,
Patriots,00-0028012,134.64653909856312,Patriots,0.02,72.20%,Ryan Mallett,QB,0.6504474110032362,2013.0,ryan mallett,ryan mallett,ryan mallett,,,,,,,,,,,,,,,,,,,,,,,,,,,,,,,,,,,,,,,,,,,,,
Rams,00-0025409,140.91376371398923,Rams,-0.05,43.80%,Brady Quinn,QB,0.1964587378640776,2013.0,brady quinn,brady quinn,brady quinn,,,,,,,,,,,,,,,,,,,,,,,,,,,,,,,,,,,,,,,,,,,,,
Saints,00-0029857,0.0,Saints,0.16,66.70%,Ryan Griffin,QB,0.1927467637540453,2013.0,ryan griffin,ryan griffin,ryan griffin,,,,,,,,,,,,,,,,,,,,,,,,,,,,,,,,,,,,,,,,,,,,,
Saints,00-0029857,0.0,Saints,0.16,66.70%,Ryan Griffin,QB,0.0339805825242718,2013.0,ryan griffin,ryan griffin,ryan griffin,,,,,,,,,,,,,,,,,,,,,,,,,,,,,,,,,,,,,,,,,,,,,
Steelers,00-0030524,96.98665963857978,Steelers,-0.01,50.00%,Landry Jones,QB,0.4165088996763754,2013.0,landry jones,landry jones,landry jones,,,,,,,,,,,,,,,,,,,,,,,,,,,,,,,,,,,,,,,,,,,,,
Steelers,00-0024408,9.889641630838074,Steelers,-0.01,50.00%,Bruce Gradkowski,QB,1.0382953074433658,2013.0,bruce gradkowski,bruce gradkowski,bruce gradkowski,,,,,,,,,,,,,,,,,,,,,,,,,,,,,,,,,,,,,,,,,,,,,
Titans,00-0030568,101.0655425122864,Titans,0.03,43.80%,Tyler Wilson,QB,0.038549352750809,2013.0,tyler wilson,tyler palko,tyler palko,,,,,,,,,,,,,,,,,,,,,,,,,,,,,,,,,,,,,,,,,,,,,
Titans,00-0027775,34.86031152939068,Titans,0.03,43.80%,Rusty Smith,QB,0.3897766990291262,2013.0,rusty smith,rusty smith,rusty smith,,,,,,,,,,,,,,,,,,,,,,,,,,,,,,,,,,,,,,,,,,,,,
Titans,00-0027775,34.86031152939068,Titans,0.03,43.80%,Rusty Smith,QB,0.0194174757281553,2013.0,rusty smith,rusty smith,rusty smith,,,,,,,,,,,,,,,,,,,,,,,,,,,,,,,,,,,,,,,,,,,,,
Vikings,00-0027796,24.56323747417671,Vikings,-0.11,33.30%,Joe Webb,QB,0.5284215210355987,2013.0,joe webb,joe webb,joe webb,,,,,,,,,,,,,,,,,,,,,,,,,,,,,,,,,,,,,,,,,,,,,
49ers,00-0026300,21.336215229341832,49ers,-0.03,50.00%,Josh Johnson,QB,0.2521007518796992,2014.0,josh johnson,josh johnson,josh johnson,,,,,,,,,,,,,,,,,,,,,,,,,,,,,,,,,,,,,,,,,,,,,
Bears,00-0031076,42.36358099700373,Bears,-0.15,31.30%,David Fales,QB,0.0557270676691729,2014.0,david fales,david fales,david fales,,,,,,,,,,,,,,,,,,,,,,,,,,,,,,,,,,,,,,,,,,,,,
Bengals,00-0031288,54.86538617979341,Bengals,0.01,62.50%,A.J. McCarron,QB,0.2774887218045113,2014.0,aj mccarron,aj mccarron,aj mccarron,,,,,,,,,,,,,,,,,,,,,,,,,,,,,,,,,,,,,,,,,,,,,
Browns,00-0025604,6.528508648943028,Browns,-0.02,43.80%,Tyler Thigpen,QB,0.0252097744360902,2014.0,tyler thigpen,tyler thigpen,tyler thigpen,,,,,,,,,,,,,,,,,,,,,,,,,,,,,,,,,,,,,,,,,,,,,
Buccaneers,00-0027722,59.77002962465531,Buccaneers,-0.12,12.50%,Mike Kafka,QB,0.0426315789473684,2014.0,mike kafka,mike kafka,mike kafka,,,,,,,,,,,,,,,,,,,,,,,,,,,,,,,,,,,,,,,,,,,,,
Chiefs,00-0031287,56.102510436029974,Chiefs,0.05,56.30%,Aaron Murray,QB,0.3500796992481203,2014.0,aaron murray,,aaron murray,,,,,,,,,,,,,,,,,,,,,,,,,,,,,,,,,,,,,,,,,,,,,
Falcons,00-0030569,13.560632297941556,Falcons,-0.05,37.50%,Sean Renfree,QB,0.3244165413533834,2014.0,sean renfree,sean renfree,sean renfree,,,,,,,,,,,,,,,,,,,,,,,,,,,,,,,,,,,,,,,,,,,,,
Jaguars,00-0030825,0.0,Jaguars,-0.19,18.80%,Stephen Morris,QB,0.0371511278195488,2014.0,stephen morris,,stephen morris,,,,,,,,,,,,,,,,,,,,,,,,,,,,,,,,,,,,,,,,,,,,,
Lions,00-0023578,10.342218663852195,Lions,0.1,64.70%,Dan Orlovsky,QB,0.4774436090225564,2014.0,dan orlovsky,dan orlovsky,dan orlovsky,,,,,,,,,,,,,,,,,,,,,,,,,,,,,,,,,,,,,,,,,,,,,
Lions,00-0029234,0.0,Lions,0.1,64.70%,Kellen Moore,QB,0.433584962406015,2014.0,kellen moore,kellen moore,kellen moore,,,,,,,,,,,,,,,,,,,,,,,,,,,,,,,,,,,,,,,,,,,,,
Packers,00-0028595,0.0,Packers,0.17,72.20%,Scott Tolzien,QB,0.4849624060150376,2014.0,scott tolzien,scott tolzien,scott tolzien,,,,,,,,,,,,,,,,,,,,,,,,,,,,,,,,,,,,,,,,,,,,,
Panthers,00-0027796,22.22573637473818,Panthers,-0.01,47.10%,Joe Webb,QB,0.4774436090225564,2014.0,joe webb,joe webb,joe webb,,,,,,,,,,,,,,,,,,,,,,,,,,,,,,,,,,,,,,,,,,,,,
Ravens,00-0028118,32.70582804108005,Ravens,0.07,61.10%,Tyrod Taylor,QB,0.5047571428571428,2014.0,tyrod taylor,tyrod taylor,tyrod taylor,,,,,,,,,,,,,,,,,,,,,,,,,,,,,,,,,,,,,,,,,,,,,
Saints,00-0022864,12.034744191501895,Saints,-0.04,43.80%,Luke McCown,QB,0.4774436090225564,2014.0,luke mccown,luke mccown,luke mccown,,,,,,,,,,,,,,,,,,,,,,,,,,,,,,,,,,,,,,,,,,,,,
Saints,00-0029857,0.0,Saints,-0.04,43.80%,Ryan Griffin,QB,0.0805263157894736,2014.0,ryan griffin,ryan griffin,ryan griffin,,,,,,,,,,,,,,,,,,,,,,,,,,,,,,,,,,,,,,,,,,,,,
Steelers,00-0030524,87.75715869130494,Steelers,0.05,64.70%,Landry Jones,QB,0.4547406015037594,2014.0,landry jones,landry jones,landry jones,,,,,,,,,,,,,,,,,,,,,,,,,,,,,,,,,,,,,,,,,,,,,
Texans,00-0027253,0.0,Texans,0.11,56.30%,Thaddeus Lewis,QB,0.1426353383458646,2014.0,thaddeus lewis,thaddeus lewis,thaddeus lewis,,,,,,,,,,,,,,,,,,,,,,,,,,,,,,,,,,,,,,,,,,,,,
49ers,00-0031510,0.0,49ers,-0.15,31.30%,Dylan Thompson,QB,0.1250118648799553,2015.0,dylan thompson,skylar thompson,skylar thompson,,,,,,,,,,,,,,,,,,,,,,,,,,,,,,,,,,,,,,,,,,,,,
Bears,00-0031076,38.332153248086094,Bears,-0.07,37.50%,David Fales,QB,0.1256281407035175,2015.0,david fales,david fales,david fales,,,,,,,,,,,,,,,,,,,,,,,,,,,,,,,,,,,,,,,,,,,,,
Bengals,00-0030998,32.83476653834535,Bengals,0.12,70.60%,Keith Wenning,QB,0.0535762144053601,2015.0,keith wenning,,keith wenning,,,,,,,,,,,,,,,,,,,,,,,,,,,,,,,,,,,,,,,,,,,,,
Bills,00-0026300,15.80625700228319,Bills,0.02,50.00%,Josh Johnson,QB,0.2882056113902848,2015.0,josh johnson,josh johnson,josh johnson,,,,,,,,,,,,,,,,,,,,,,,,,,,,,,,,,,,,,,,,,,,,,
Broncos,00-0032156,14.847483113069016,Broncos,0.1,79.00%,Trevor Siemian,QB,0.3128105806811836,2015.0,trevor siemian,trevor siemian,trevor siemian,,,,,,,,,,,,,,,,,,,,,,,,,,,,,,,,,,,,,,,,,,,,,
Browns,00-0028453,0.0,Browns,-0.14,18.80%,Pat Devlin,QB,0.0240166108319374,2015.0,pat devlin,,pat devlin,,,,,,,,,,,,,,,,,,,,,,,,,,,,,,,,,,,,,,,,,,,,,
Buccaneers,00-0030520,136.49632672585193,Buccaneers,-0.03,37.50%,Mike Glennon,QB,0.5908451982132886,2015.0,mike glennon,mike glennon,mike glennon,,,,,,,,,,,,,,,,,,,,,,,,,,,,,,,,,,,,,,,,,,,,,
Buccaneers,00-0029857,0.0,Buccaneers,-0.03,37.50%,Ryan Griffin,QB,0.3559463986599664,2015.0,ryan griffin,ryan griffin,ryan griffin,,,,,,,,,,,,,,,,,,,,,,,,,,,,,,,,,,,,,,,,,,,,,
Cardinals,00-0030533,98.60387238939444,Cardinals,0.22,77.80%,Matt Barkley,QB,0.4135259631490787,2015.0,matt barkley,matt barkley,matt barkley,,,,,,,,,,,,,,,,,,,,,,,,,,,,,,,,,,,,,,,,,,,,,
Chiefs,00-0031287,50.76365068827283,Chiefs,0.12,66.70%,Aaron Murray,QB,0.393359854829704,2015.0,aaron murray,,aaron murray,,,,,,,,,,,,,,,,,,,,,,,,,,,,,,,,,,,,,,,,,,,,,
Colts,00-0030825,0.0,Colts,-0.11,50.00%,Stephen Morris,QB,0.03571747627024,2015.0,stephen morris,,stephen morris,,,,,,,,,,,,,,,,,,,,,,,,,,,,,,,,,,,,,,,,,,,,,
Commanders,00-0029665,637.5902848677591,Commanders,0.01,52.90%,Robert Griffin III,QB,4.689916945840313,2015.0,robert griffin,robert griffin,robert griffin,,,,,,,,,,,,,,,,,,,,,,,,,,,,,,,,,,,,,,,,,,,,,
Cowboys,00-0031755,0.0,Cowboys,-0.12,25.00%,Jameill Showers,QB,0.03571747627024,2015.0,jameill showers,,jameill showers,,,,,,,,,,,,,,,,,,,,,,,,,,,,,,,,,,,,,,,,,,,,,
Eagles,00-0027253,0.0,Eagles,-0.07,43.80%,Thaddeus Lewis,QB,0.3602568397543271,2015.0,thaddeus lewis,thaddeus lewis,thaddeus lewis,,,,,,,,,,,,,,,,,,,,,,,,,,,,,,,,,,,,,,,,,,,,,
Jaguars,00-0026197,57.48297007811546,Jaguars,-0.09,31.30%,Chad Henne,QB,2.4427694025683975,2015.0,chad henne,chad henne,chad henne,,,,,,,,,,,,,,,,,,,,,,,,,,,,,,,,,,,,,,,,,,,,,
Jets,00-0031568,112.83927833091424,Jets,0.12,62.50%,Bryce Petty,QB,0.4002121719709659,2015.0,bryce petty,bryce petty,bryce petty,,,,,,,,,,,,,,,,,,,,,,,,,,,,,,,,,,,,,,,,,,,,,
Packers,00-0031589,67.56719136258307,Packers,0.02,61.10%,Brett Hundley,QB,0.3426214405360134,2015.0,brett hundley,brett hundley,brett hundley,,,,,,,,,,,,,,,,,,,,,,,,,,,,,,,,,,,,,,,,,,,,,
Panthers,00-0027796,16.465230474474474,Panthers,0.21,89.50%,Joe Webb,QB,0.4641261864879956,2015.0,joe webb,joe webb,joe webb,,,,,,,,,,,,,,,,,,,,,,,,,,,,,,,,,,,,,,,,,,,,,
Saints,00-0032148,162.0967737346473,Saints,-0.08,43.80%,Garrett Grayson,QB,0.4315263819095478,2015.0,garrett grayson,,garrett grayson,,,,,,,,,,,,,,,,,,,,,,,,,,,,,,,,,,,,,,,,,,,,,
Saints,00-0026349,7.638880353283195,Saints,-0.08,43.80%,Matt Flynn,QB,0.1921370742601898,2015.0,matt flynn,matt flynn,matt flynn,,,,,,,,,,,,,,,,,,,,,,,,,,,,,,,,,,,,,,,,,,,,,
Vikings,00-0031800,0.0,Vikings,0.04,64.70%,Taylor Heinicke,QB,0.305927554438861,2015.0,taylor heinicke,taylor heinicke,taylor heinicke,,,,,,,,,,,,,,,,,,,,,,,,,,,,,,,,,,,,,,,,,,,,,
49ers,00-0027950,249.01506048021696,49ers,-0.15,12.50%,Christian Ponder,QB,0.5152315321697688,2016.0,christian ponder,christian ponder,christian ponder,,,,,,,,,,,,,,,,,,,,,,,,,,,,,,,,,,,,,,,,,,,,,
49ers,00-0027253,0.0,49ers,-0.15,12.50%,Thaddeus Lewis,QB,0.2337863077220326,2016.0,thaddeus lewis,thaddeus lewis,thaddeus lewis,,,,,,,,,,,,,,,,,,,,,,,,,,,,,,,,,,,,,,,,,,,,,
Bears,00-0030661,0.0,Bears,-0.11,18.80%,Connor Shaw,QB,0.2144651252656662,2016.0,connor shaw,connor shaw,connor shaw,,,,,,,,,,,,,,,,,,,,,,,,,,,,,,,,,,,,,,,,,,,,,
Bengals,00-0031288,44.91997894489655,Bengals,0.04,40.00%,A.J. McCarron,QB,0.4156714110903587,2016.0,aj mccarron,aj mccarron,aj mccarron,,,,,,,,,,,,,,,,,,,,,,,,,,,,,,,,,,,,,,,,,,,,,
Bengals,00-0032436,28.635529678388632,Bengals,0.04,40.00%,Jeff Driskel,QB,0.2898177368454949,2016.0,jeff driskel,jeff driskel,jeff driskel,,,,,,,,,,,,,,,,,,,,,,,,,,,,,,,,,,,,,,,,,,,,,
Buccaneers,00-0029857,0.0,Buccaneers,0.01,56.30%,Ryan Griffin,QB,0.3864236491273266,2016.0,ryan griffin,ryan griffin,ryan griffin,,,,,,,,,,,,,,,,,,,,,,,,,,,,,,,,,,,,,,,,,,,,,
Cardinals,00-0030394,0.0,Cardinals,0.1,46.70%,Zac Dysert,QB,0.0596676756617505,2016.0,zac dysert,,zac dysert,,,,,,,,,,,,,,,,,,,,,,,,,,,,,,,,,,,,,,,,,,,,,
Chiefs,00-0030151,0.0,Chiefs,0.05,70.60%,Tyler Bray,QB,0.3993044374315708,2016.0,tyler bray,tyler bray,tyler bray,,,,,,,,,,,,,,,,,,,,,,,,,,,,,,,,,,,,,,,,,,,,,
Commanders,00-0027688,52.29664904417326,Commanders,0.02,53.30%,Colt McCoy,QB,1.1592709473819798,2016.0,colt mccoy,colt mccoy,colt mccoy,,,,,,,,,,,,,,,,,,,,,,,,,,,,,,,,,,,,,,,,,,,,,
Commanders,00-0032792,40.11803383327816,Commanders,0.02,53.30%,Nate Sudfeld,QB,0.3119295420879758,2016.0,nate sudfeld,nate sudfeld,nate sudfeld,,,,,,,,,,,,,,,,,,,,,,,,,,,,,,,,,,,,,,,,,,,,,
Cowboys,00-0029234,0.0,Cowboys,0.12,76.50%,Kellen Moore,QB,0.4894699555612803,2016.0,kellen moore,kellen moore,kellen moore,,,,,,,,,,,,,,,,,,,,,,,,,,,,,,,,,,,,,,,,,,,,,
Dolphins,00-0028090,0.0,Dolphins,-0.01,58.80%,T.J. Yates,QB,0.0863766342500161,2016.0,tj yates,tj yates,tj yates,,,,,,,,,,,,,,,,,,,,,,,,,,,,,,,,,,,,,,,,,,,,,
Giants,00-0030586,0.0,Giants,0.02,64.70%,Ryan Nassib,QB,0.5077606749533071,2016.0,ryan nassib,ryan nassib,ryan nassib,,,,,,,,,,,,,,,,,,,,,,,,,,,,,,,,,,,,,,,,,,,,,
Giants,00-0026300,0.0,Giants,0.02,64.70%,Josh Johnson,QB,0.3864236491273266,2016.0,josh johnson,josh johnson,josh johnson,,,,,,,,,,,,,,,,,,,,,,,,,,,,,,,,,,,,,,,,,,,,,
Jaguars,00-0032434,0.0,Jaguars,-0.04,18.80%,Brandon Allen,QB,0.3098267533973079,2016.0,brandon allen,brandon allen,brandon allen,,,,,,,,,,,,,,,,,,,,,,,,,,,,,,,,,,,,,,,,,,,,,
Jaguars,00-0026197,0.0,Jaguars,-0.04,18.80%,Chad Henne,QB,3.0591872222580023,2016.0,chad henne,chad henne,chad henne,,,,,,,,,,,,,,,,,,,,,,,,,,,,,,,,,,,,,,,,,,,,,
Jets,00-0032953,231.55753505979817,Jets,-0.11,31.30%,Christian Hackenberg,QB,0.5457119855735171,2016.0,christian hackenberg,christian ponder,christian ponder,,,,,,,,,,,,,,,,,,,,,,,,,,,,,,,,,,,,,,,,,,,,,
Lions,00-0032431,0.0,Lions,-0.06,52.90%,Jake Rudock,QB,0.1022863399240033,2016.0,jake rudock,jake rudock,jake rudock,,,,,,,,,,,,,,,,,,,,,,,,,,,,,,,,,,,,,,,,,,,,,
Lions,00-0023578,0.0,Lions,-0.06,52.90%,Dan Orlovsky,QB,0.4379468023443035,2016.0,dan orlovsky,dan orlovsky,dan orlovsky,,,,,,,,,,,,,,,,,,,,,,,,,,,,,,,,,,,,,,,,,,,,,
Packers,00-0032630,0.0,Packers,0.07,63.20%,Joe Callahan,QB,0.0511431699620016,2016.0,joe callahan,joe callahan,joe callahan,,,,,,,,,,,,,,,,,,,,,,,,,,,,,,,,,,,,,,,,,,,,,
Panthers,00-0027796,0.0,Panthers,-0.05,37.50%,Joe Webb,QB,0.5538738970825015,2016.0,joe webb,joe webb,joe webb,,,,,,,,,,,,,,,,,,,,,,,,,,,,,,,,,,,,,,,,,,,,,
Saints,00-0022864,0.0,Saints,0.02,43.80%,Luke McCown,QB,0.8050492690152637,2016.0,luke mccown,luke mccown,luke mccown,,,,,,,,,,,,,,,,,,,,,,,,,,,,,,,,,,,,,,,,,,,,,
Steelers,00-0031266,MISSING,Steelers,0.08,68.40%,Zach Mettenberger,QB,0.3864236491273266,2016.0,zach mettenberger,zach mettenberger,zach mettenberger,,,,,,,,,,,,,,,,,,,,,,,,,,,,,,,,,,,,,,,,,,,,,
Texans,00-0029677,0.0,Texans,-0.02,55.60%,Brandon Weeden,QB,1.1190184839312165,2016.0,brandon weeden,brandon weeden,brandon weeden,,,,,,,,,,,,,,,,,,,,,,,,,,,,,,,,,,,,,,,,,,,,,
Titans,00-0029623,0.0,Titans,0.0,56.30%,Alex Tanney,QB,0.0198892252205835,2016.0,alex tanney,alex tanney,alex tanney,,,,,,,,,,,,,,,,,,,,,,,,,,,,,,,,,,,,,,,,,,,,,
Vikings,00-0031237,258.09598807634154,Vikings,0.06,50.00%,Teddy Bridgewater,QB,1.2030952534295098,2016.0,teddy bridgewater,teddy bridgewater,teddy bridgewater,,,,,,,,,,,,,,,,,,,,,,,,,,,,,,,,,,,,,,,,,,,,,
Vikings,00-0031800,0.0,Vikings,0.06,50.00%,Taylor Heinicke,QB,0.300033490049591,2016.0,taylor heinicke,taylor heinicke,taylor heinicke,,,,,,,,,,,,,,,,,,,,,,,,,,,,,,,,,,,,,,,,,,,,,
Bears,00-0026898,134.35203353988243,Bears,-0.07,31.30%,Mark Sanchez,QB,1.1414670658682635,2017.0,mark sanchez,mark sanchez,mark sanchez,,,,,,,,,,,,,,,,,,,,,,,,,,,,,,,,,,,,,,,,,,,,,
Bengals,00-0032436,0.0,Bengals,-0.08,43.80%,Jeff Driskel,QB,0.2173652694610778,2017.0,jeff driskel,jeff driskel,jeff driskel,,,,,,,,,,,,,,,,,,,,,,,,,,,,,,,,,,,,,,,,,,,,,
Bills,00-0027796,9.03631007536156,Bills,-0.07,52.90%,Joe Webb,QB,0.3682634730538922,2017.0,joe webb,joe webb,joe webb,,,,,,,,,,,,,,,,,,,,,,,,,,,,,,,,,,,,,,,,,,,,,
Broncos,00-0033597,0.0,Broncos,-0.01,31.30%,Chad Kelly,QB,0.2180041916167664,2017.0,chad kelly,,chad kelly,,,,,,,,,,,,,,,,,,,,,,,,,,,,,,,,,,,,,,,,,,,,,
Buccaneers,00-0029857,0.0,Buccaneers,-0.04,31.30%,Ryan Griffin,QB,0.688622754491018,2017.0,ryan griffin,ryan griffin,ryan griffin,,,,,,,,,,,,,,,,,,,,,,,,,,,,,,,,,,,,,,,,,,,,,
Cardinals,00-0030533,80.73002269777413,Cardinals,-0.06,50.00%,Matt Barkley,QB,0.1910880239520958,2017.0,matt barkley,matt barkley,matt barkley,,,,,,,,,,,,,,,,,,,,,,,,,,,,,,,,,,,,,,,,,,,,,
Chargers,00-0033098,67.10204906923828,Chargers,0.15,56.30%,Cardale Jones,QB,0.3233532934131736,2017.0,cardale jones,cardale jones,cardale jones,,,,,,,,,,,,,,,,,,,,,,,,,,,,,,,,,,,,,,,,,,,,,
Colts,00-0033585,25.066614499248807,Colts,-0.18,25.00%,Brad Kaaya,QB,0.0163790419161676,2017.0,brad kaaya,,brad kaaya,,,,,,,,,,,,,,,,,,,,,,,,,,,,,,,,,,,,,,,,,,,,,
Colts,00-0029668,0.0,Colts,-0.18,25.00%,Andrew Luck,QB,11.616766467065869,2017.0,andrew luck,andrew luck,andrew luck,,,,,,,,,,,,,,,,,,,,,,,,,,,,,,,,,,,,,,,,,,,,,
Commanders,00-0027688,38.7423104925207,Commanders,-0.03,43.80%,Colt McCoy,QB,2.155688622754491,2017.0,colt mccoy,colt mccoy,colt mccoy,,,,,,,,,,,,,,,,,,,,,,,,,,,,,,,,,,,,,,,,,,,,,
Cowboys,00-0030394,0.0,Cowboys,0.0,56.30%,Zac Dysert,QB,0.3682634730538922,2017.0,zac dysert,,zac dysert,,,,,,,,,,,,,,,,,,,,,,,,,,,,,,,,,,,,,,,,,,,,,
Cowboys,00-0029234,0.0,Cowboys,0.0,56.30%,Kellen Moore,QB,0.0431137724550898,2017.0,kellen moore,kellen moore,kellen moore,,,,,,,,,,,,,,,,,,,,,,,,,,,,,,,,,,,,,,,,,,,,,
Dolphins,00-0029701,0.0,Dolphins,-0.15,37.50%,Ryan Tannehill,QB,12.155688622754491,2017.0,ryan tannehill,ryan tannehill,ryan tannehill,,,,,,,,,,,,,,,,,,,,,,,,,,,,,,,,,,,,,,,,,,,,,
Falcons,00-0022787,5.9922506478045285,Falcons,0.06,61.10%,Matt Schaub,QB,2.095808383233533,2017.0,matt schaub,matt schaub,matt schaub,,,,,,,,,,,,,,,,,,,,,,,,,,,,,,,,,,,,,,,,,,,,,
Giants,00-0033550,138.79727216860618,Giants,-0.14,18.80%,Davis Webb,QB,0.3931766467065868,2017.0,davis webb,davis webb,davis webb,,,,,,,,,,,,,,,,,,,,,,,,,,,,,,,,,,,,,,,,,,,,,
Jets,00-0032953,209.52192215027895,Jets,-0.09,31.30%,Christian Hackenberg,QB,0.6342269461077844,2017.0,christian hackenberg,christian ponder,christian ponder,,,,,,,,,,,,,,,,,,,,,,,,,,,,,,,,,,,,,,,,,,,,,
Panthers,00-0031395,18.857398870259313,Panthers,0.03,64.70%,Garrett Gilbert,QB,0.1801694610778443,2017.0,garrett gilbert,garrett gilbert,garrett gilbert,,,,,,,,,,,,,,,,,,,,,,,,,,,,,,,,,,,,,,,,,,,,,
Raiders,00-0032893,106.21459646133653,Raiders,-0.13,37.50%,Connor Cook,QB,0.4161508982035928,2017.0,connor cook,connor cook,connor cook,,,,,,,,,,,,,,,,,,,,,,,,,,,,,,,,,,,,,,,,,,,,,
Rams,00-0032434,0.0,Rams,0.14,64.70%,Brandon Allen,QB,0.3233532934131736,2017.0,brandon allen,brandon allen,brandon allen,,,,,,,,,,,,,,,,,,,,,,,,,,,,,,,,,,,,,,,,,,,,,
Saints,00-0033357,0.0,Saints,0.14,66.70%,Taysom Hill,QB,0.2784431137724551,2017.0,taysom hill,taysom hill,taysom hill,,,,,,,,,,,,,,,,,,,,,,,,,,,,,,,,,,,,,,,,,,,,,
Saints,00-0026544,0.0,Saints,0.14,66.70%,Chase Daniel,QB,0.5389221556886228,2017.0,chase daniel,chase daniel,chase daniel,,,,,,,,,,,,,,,,,,,,,,,,,,,,,,,,,,,,,,,,,,,,,
Seahawks,00-0028957,0.0,Seahawks,0.06,56.30%,Austin Davis,QB,0.4161676646706587,2017.0,austin davis,austin davis,austin davis,,,,,,,,,,,,,,,,,,,,,,,,,,,,,,,,,,,,,,,,,,,,,
Steelers,00-0033949,77.50214835374705,Steelers,0.09,76.50%,Joshua Dobbs,QB,0.3681323353293413,2017.0,joshua dobbs,joshua dobbs,joshua dobbs,,,,,,,,,,,,,,,,,,,,,,,,,,,,,,,,,,,,,,,,,,,,,
Texans,00-0026300,8.674657765945698,Texans,-0.08,25.00%,Josh Johnson,QB,0.0317011976047904,2017.0,josh johnson,josh johnson,josh johnson,,,,,,,,,,,,,,,,,,,,,,,,,,,,,,,,,,,,,,,,,,,,,
Titans,00-0029677,190.2136850580122,Titans,-0.05,55.60%,Brandon Weeden,QB,0.2816131736526946,2017.0,brandon weeden,brandon weeden,brandon weeden,,,,,,,,,,,,,,,,,,,,,,,,,,,,,,,,,,,,,,,,,,,,,
Titans,00-0029623,0.0,Titans,-0.05,55.60%,Alex Tanney,QB,0.2173652694610778,2017.0,alex tanney,alex tanney,alex tanney,,,,,,,,,,,,,,,,,,,,,,,,,,,,,,,,,,,,,,,,,,,,,
Vikings,00-0033672,0.0,Vikings,0.15,77.80%,Kyle Sloter,QB,0.2620640718562874,2017.0,kyle sloter,kyle boller,kyle boller,,,,,,,,,,,,,,,,,,,,,,,,,,,,,,,,,,,,,,,,,,,,,
Bengals,00-0031064,51.951243652344665,Bengals,-0.12,37.50%,Tom Savage,QB,0.1170163656884875,2018.0,tom savage,tom savage,tom savage,,,,,,,,,,,,,,,,,,,,,,,,,,,,,,,,,,,,,,,,,,,,,
Broncos,00-0032784,46.32819778602527,Broncos,-0.01,37.50%,Kevin Hogan,QB,0.355530474040632,2018.0,kevin hogan,kevin hogan,kevin hogan,,,,,,,,,,,,,,,,,,,,,,,,,,,,,,,,,,,,,,,,,,,,,
Browns,00-0025430,21.54973992141927,Browns,-0.03,46.70%,Drew Stanton,QB,1.278569413092551,2018.0,drew stanton,drew stanton,drew stanton,,,,,,,,,,,,,,,,,,,,,,,,,,,,,,,,,,,,,,,,,,,,,
Buccaneers,00-0029857,0.0,Buccaneers,-0.06,31.30%,Ryan Griffin,QB,0.786540632054176,2018.0,ryan griffin,ryan griffin,ryan griffin,,,,,,,,,,,,,,,,,,,,,,,,,,,,,,,,,,,,,,,,,,,,,
Colts,00-0033585,0.0,Colts,0.11,61.10%,Brad Kaaya,QB,0.3132054176072235,2018.0,brad kaaya,,brad kaaya,,,,,,,,,,,,,,,,,,,,,,,,,,,,,,,,,,,,,,,,,,,,,
Cowboys,00-0031755,0.0,Cowboys,0.05,61.10%,Jameill Showers,QB,0.2048532731376975,2018.0,jameill showers,,jameill showers,,,,,,,,,,,,,,,,,,,,,,,,,,,,,,,,,,,,,,,,,,,,,
Cowboys,00-0034401,50.55916997275343,Cowboys,0.05,61.10%,Mike White,QB,0.3015733634311512,2018.0,mike white,mike white,mike white,,,,,,,,,,,,,,,,,,,,,,,,,,,,,,,,,,,,,,,,,,,,,
Cowboys,00-0033662,0.0,Cowboys,0.05,61.10%,Cooper Rush,QB,0.3141455981941309,2018.0,cooper rush,cooper rush,cooper rush,,,,,,,,,,,,,,,,,,,,,,,,,,,,,,,,,,,,,,,,,,,,,
Dolphins,00-0031076,28.397157564146077,Dolphins,-0.15,43.80%,David Fales,QB,0.4063205417607223,2018.0,david fales,david fales,david fales,,,,,,,,,,,,,,,,,,,,,,,,,,,,,,,,,,,,,,,,,,,,,
Dolphins,00-0034412,0.0,Dolphins,-0.15,43.80%,Luke Falk,QB,0.2203814898419864,2018.0,luke falk,luke falk,luke falk,,,,,,,,,,,,,,,,,,,,,,,,,,,,,,,,,,,,,,,,,,,,,
Giants,00-0029623,0.0,Giants,-0.04,31.30%,Alex Tanney,QB,0.3132054176072235,2018.0,alex tanney,alex tanney,alex tanney,,,,,,,,,,,,,,,,,,,,,,,,,,,,,,,,,,,,,,,,,,,,,
Jaguars,00-0034416,31.115566737117295,Jaguars,-0.1,31.30%,Tanner Lee,QB,0.0159339729119638,2018.0,tanner lee,tanner mckee,tanner mckee,,,,,,,,,,,,,,,,,,,,,,,,,,,,,,,,,,,,,,,,,,,,,
Jets,00-0033550,125.58896537947597,Jets,-0.15,25.00%,Davis Webb,QB,0.1473905191873589,2018.0,davis webb,davis webb,davis webb,,,,,,,,,,,,,,,,,,,,,,,,,,,,,,,,,,,,,,,,,,,,,
Packers,00-0034177,0.0,Packers,0.0,40.00%,Tim Boyle,QB,0.2720090293453724,2018.0,tim boyle,tim boyle,tim boyle,,,,,,,,,,,,,,,,,,,,,,,,,,,,,,,,,,,,,,,,,,,,,
Seahawks,00-0031589,50.05500648168993,Seahawks,0.1,58.80%,Brett Hundley,QB,0.3978555304740406,2018.0,brett hundley,brett hundley,brett hundley,,,,,,,,,,,,,,,,,,,,,,,,,,,,,,,,,,,,,,,,,,,,,
Steelers,00-0034771,159.91810469133287,Steelers,0.07,60.00%,Mason Rudolph,QB,0.4024074492099323,2018.0,mason rudolph,mason rudolph,mason rudolph,,,,,,,,,,,,,,,,,,,,,,,,,,,,,,,,,,,,,,,,,,,,,
Texans,00-0029677,140.91376371398923,Texans,0.08,64.70%,Brandon Weeden,QB,0.4063205417607223,2018.0,brandon weeden,brandon weeden,brandon weeden,,,,,,,,,,,,,,,,,,,,,,,,,,,,,,,,,,,,,,,,,,,,,
Texans,00-0027796,6.694263151557631,Texans,0.08,64.70%,Joe Webb,QB,0.355530474040632,2018.0,joe webb,joe webb,joe webb,,,,,,,,,,,,,,,,,,,,,,,,,,,,,,,,,,,,,,,,,,,,,
Titans,00-0028957,0.0,Titans,-0.04,56.30%,Austin Davis,QB,0.0262246049661399,2018.0,austin davis,austin davis,austin davis,,,,,,,,,,,,,,,,,,,,,,,,,,,,,,,,,,,,,,,,,,,,,
Vikings,00-0032156,10.99928602142564,Vikings,0.03,53.30%,Trevor Siemian,QB,1.0761851015801354,2018.0,trevor siemian,trevor siemian,trevor siemian,,,,,,,,,,,,,,,,,,,,,,,,,,,,,,,,,,,,,,,,,,,,,
Vikings,00-0033672,0.0,Vikings,0.03,53.30%,Kyle Sloter,QB,0.3132054176072235,2018.0,kyle sloter,kyle boller,kyle boller,,,,,,,,,,,,,,,,,,,,,,,,,,,,,,,,,,,,,,,,,,,,,
49ers,00-0033936,90.97403938100643,49ers,0.216,79.00%,C.J. Beathard,QB,0.5113485653560043,2019.0,cj beathard,cj beathard,cj beathard,,,,,,,,,,,,,,,,,,,,,,,,,,,,,,,,,,,,,,,,,,,,,
49ers,00-0033319,0.0,49ers,0.216,79.00%,Nick Mullens,QB,0.3028692879914984,2019.0,nick mullens,nick mullens,nick mullens,,,,,,,,,,,,,,,,,,,,,,,,,,,,,,,,,,,,,,,,,,,,,
Bengals,00-0035394,0.0,Bengals,-0.193,12.50%,Jacob Dolegala,QB,0.2639032943676939,2019.0,jacob dolegala,,jacob dolegala,,,,,,,,,,,,,,,,,,,,,,,,,,,,,,,,,,,,,,,,,,,,,
Browns,00-0025430,0.0,Browns,-0.076,37.50%,Drew Stanton,QB,2.00086344314559,2019.0,drew stanton,drew stanton,drew stanton,,,,,,,,,,,,,,,,,,,,,,,,,,,,,,,,,,,,,,,,,,,,,
Buccaneers,00-0034478,0.0,Buccaneers,0.072,43.80%,Chad Kanoff,QB,0.0510095642933049,2019.0,chad kanoff,,chad kanoff,,,,,,,,,,,,,,,,,,,,,,,,,,,,,,,,,,,,,,,,,,,,,
Buccaneers,00-0027948,0.0,Buccaneers,0.072,43.80%,Blaine Gabbert,QB,0.5313496280552604,2019.0,blaine gabbert,blaine gabbert,blaine gabbert,,,,,,,,,,,,,,,,,,,,,,,,,,,,,,,,,,,,,,,,,,,,,
Cardinals,00-0035483,0.0,Cardinals,-0.081,33.30%,Drew Anderson,QB,0.015471838469713,2019.0,drew anderson,derek anderson,derek anderson,,,,,,,,,,,,,,,,,,,,,,,,,,,,,,,,,,,,,,,,,,,,,
Chargers,00-0035282,53.39426192355682,Chargers,0.0,31.30%,Easton Stick,QB,0.2998889479277364,2019.0,easton stick,easton stick,easton stick,,,,,,,,,,,,,,,,,,,,,,,,,,,,,,,,,,,,,,,,,,,,,
Chiefs,00-0026197,17.313537871050677,Chiefs,0.133,79.00%,Chad Henne,QB,2.1785334750265677,2019.0,chad henne,chad henne,chad henne,,,,,,,,,,,,,,,,,,,,,,,,,,,,,,,,,,,,,,,,,,,,,
Colts,00-0033597,11.815499037195172,Colts,0.009,43.80%,Chad Kelly,QB,0.1425265674814027,2019.0,chad kelly,,chad kelly,,,,,,,,,,,,,,,,,,,,,,,,,,,,,,,,,,,,,,,,,,,,,
Commanders,00-0032658,0.0,Commanders,-0.213,18.80%,Josh Woodrum,QB,0.2008501594048884,2019.0,josh woodrum,,josh woodrum,,,,,,,,,,,,,,,,,,,,,,,,,,,,,,,,,,,,,,,,,,,,,
Commanders,00-0023436,0.0,Commanders,-0.213,18.80%,Alex Smith,QB,10.839532412327312,2019.0,alex smith,alex smith,alex smith,,,,,,,,,,,,,,,,,,,,,,,,,,,,,,,,,,,,,,,,,,,,,
Cowboys,00-0033662,0.0,Cowboys,0.137,50.00%,Cooper Rush,QB,0.3436068012752391,2019.0,cooper rush,cooper rush,cooper rush,,,,,,,,,,,,,,,,,,,,,,,,,,,,,,,,,,,,,,,,,,,,,
Eagles,00-0032792,29.720170441618084,Eagles,0.035,52.90%,Nate Sudfeld,QB,1.6445270988310303,2019.0,nate sudfeld,nate sudfeld,nate sudfeld,,,,,,,,,,,,,,,,,,,,,,,,,,,,,,,,,,,,,,,,,,,,,
Falcons,00-0034131,0.0,Falcons,-0.03,43.80%,Kurt Benkert,QB,0.2008501594048884,2019.0,kurt benkert,,kurt benkert,,,,,,,,,,,,,,,,,,,,,,,,,,,,,,,,,,,,,,,,,,,,,
Falcons,00-0029151,0.0,Falcons,-0.03,43.80%,Matt Simms,QB,0.2167906482465462,2019.0,matt simms,matt simms,matt simms,,,,,,,,,,,,,,,,,,,,,,,,,,,,,,,,,,,,,,,,,,,,,
Jaguars,00-0033949,63.45339228682479,Jaguars,-0.125,37.50%,Joshua Dobbs,QB,0.3225600425079702,2019.0,joshua dobbs,joshua dobbs,joshua dobbs,,,,,,,,,,,,,,,,,,,,,,,,,,,,,,,,,,,,,,,,,,,,,
Jets,00-0031076,21.037131739089084,Jets,-0.133,43.80%,David Fales,QB,0.2620802337938363,2019.0,david fales,david fales,david fales,,,,,,,,,,,,,,,,,,,,,,,,,,,,,,,,,,,,,,,,,,,,,
Lions,00-0033672,0.0,Lions,-0.11,20.00%,Kyle Sloter,QB,0.0806397449521785,2019.0,kyle sloter,kyle boller,kyle boller,,,,,,,,,,,,,,,,,,,,,,,,,,,,,,,,,,,,,,,,,,,,,
Lions,00-0032630,0.0,Lions,-0.11,20.00%,Joe Callahan,QB,0.0170031880977683,2019.0,joe callahan,joe callahan,joe callahan,,,,,,,,,,,,,,,,,,,,,,,,,,,,,,,,,,,,,,,,,,,,,
Patriots,00-0033104,94.9127452096368,Patriots,0.227,70.60%,Cody Kessler,QB,0.2025377258235919,2019.0,cody kessler,cody kessler,cody kessler,,,,,,,,,,,,,,,,,,,,,,,,,,,,,,,,,,,,,,,,,,,,,
Raiders,00-0033899,186.34891199724393,Raiders,-0.081,43.80%,DeShone Kizer,QB,0.4861083953241233,2019.0,deshone kizer,deshone kizer,deshone kizer,,,,,,,,,,,,,,,,,,,,,,,,,,,,,,,,,,,,,,,,,,,,,
Raiders,00-0033958,0.0,Raiders,-0.081,43.80%,Nathan Peterman,QB,0.2167906482465462,2019.0,nathan peterman,nathan peterman,nathan peterman,,,,,,,,,,,,,,,,,,,,,,,,,,,,,,,,,,,,,,,,,,,,,
Ravens,00-0035146,34.52336003666827,Ravens,0.292,82.40%,Trace McSorley,QB,0.2843634431455898,2019.0,trace mcsorley,trace mcsorley,trace mcsorley,,,,,,,,,,,,,,,,,,,,,,,,,,,,,,,,,,,,,,,,,,,,,
Seahawks,00-0030565,103.32750702054102,Seahawks,-0.001,66.70%,Geno Smith,QB,0.3427205100956429,2019.0,geno smith,geno smith,geno smith,,,,,,,,,,,,,,,,,,,,,,,,,,,,,,,,,,,,,,,,,,,,,
Steelers,00-0033108,262.1767355188486,Steelers,-0.014,50.00%,Paxton Lynch,QB,0.2419202975557917,2019.0,paxton lynch,paxton lynch,paxton lynch,,,,,,,,,,,,,,,,,,,,,,,,,,,,,,,,,,,,,,,,,,,,,
Texans,00-0027796,0.0,Texans,-0.002,61.10%,Joe Webb,QB,0.3905419766206164,2019.0,joe webb,joe webb,joe webb,,,,,,,,,,,,,,,,,,,,,,,,,,,,,,,,,,,,,,,,,,,,,
49ers,00-0034343,440.1123111352885,49ers,0.025,37.50%,Josh Rosen,QB,0.0445186680121089,2020.0,josh rosen,josh rosen,josh rosen,,,,,,,,,,,,,,,,,,,,,,,,,,,,,,,,,,,,,,,,,,,,,
Bengals,00-0032784,37.93032026209817,Bengals,-0.139,26.70%,Kevin Hogan,QB,0.012108980827447,2020.0,kevin hogan,kevin hogan,kevin hogan,,,,,,,,,,,,,,,,,,,,,,,,,,,,,,,,,,,,,,,,,,,,,
Bills,00-0036197,52.98005046981233,Bills,0.134,79.00%,Jake Fromm,QB,0.3459838546922301,2020.0,jake fromm,jake fromm,jake fromm,,,,,,,,,,,,,,,,,,,,,,,,,,,,,,,,,,,,,,,,,,,,,
Buccaneers,00-0025430,11.826748023674874,Buccaneers,0.186,75.00%,Drew Stanton,QB,0.012108980827447,2020.0,drew stanton,drew stanton,drew stanton,,,,,,,,,,,,,,,,,,,,,,,,,,,,,,,,,,,,,,,,,,,,,
Buccaneers,00-0029857,0.0,Buccaneers,0.186,75.00%,Ryan Griffin,QB,0.8299697275479314,2020.0,ryan griffin,ryan griffin,ryan griffin,,,,,,,,,,,,,,,,,,,,,,,,,,,,,,,,,,,,,,,,,,,,,
Cardinals,00-0031589,33.55287424912062,Cardinals,0.018,50.00%,Brett Hundley,QB,0.4477800201816347,2020.0,brett hundley,brett hundley,brett hundley,,,,,,,,,,,,,,,,,,,,,,,,,,,,,,,,,,,,,,,,,,,,,
Chiefs,00-0025708,0.0,Chiefs,0.112,84.20%,Matt Moore,QB,0.1029263370332997,2020.0,matt moore,matt moore,matt moore,,,,,,,,,,,,,,,,,,,,,,,,,,,,,,,,,,,,,,,,,,,,,
Colts,00-0036226,89.16640637281117,Colts,0.092,64.70%,Jacob Eason,QB,0.4001342078708375,2020.0,jacob eason,jacob eason,jacob eason,,,,,,,,,,,,,,,,,,,,,,,,,,,,,,,,,,,,,,,,,,,,,
Commanders,00-0036022,0.0,Commanders,0.033,41.20%,Steven Montez,QB,0.0181039354187689,2020.0,steven montez,,steven montez,,,,,,,,,,,,,,,,,,,,,,,,,,,,,,,,,,,,,,,,,,,,,
Dolphins,00-0032431,25.508826997880867,Dolphins,0.049,62.50%,Jake Rudock,QB,0.0222593340060544,2020.0,jake rudock,jake rudock,jake rudock,,,,,,,,,,,,,,,,,,,,,,,,,,,,,,,,,,,,,,,,,,,,,
Falcons,00-0022787,2.436267306958272,Falcons,-0.029,25.00%,Matt Schaub,QB,1.198284561049445,2020.0,matt schaub,matt schaub,matt schaub,,,,,,,,,,,,,,,,,,,,,,,,,,,,,,,,,,,,,,,,,,,,,
Jets,00-0036301,86.53285920908559,Jets,-0.222,12.50%,James Morgan,QB,0.3979899091826438,2020.0,james morgan,,james morgan,,,,,,,,,,,,,,,,,,,,,,,,,,,,,,,,,,,,,,,,,,,,,
Packers,00-0036264,353.9015755816421,Packers,0.195,77.80%,Jordan Love,QB,1.135992431886983,2020.0,jordan love,jordan love,jordan love,,,,,,,,,,,,,,,,,,,,,,,,,,,,,,,,,,,,,,,,,,,,,
Packers,00-0034177,0.0,Packers,0.195,77.80%,Tim Boyle,QB,0.3794147325933401,2020.0,tim boyle,tim boyle,tim boyle,,,,,,,,,,,,,,,,,,,,,,,,,,,,,,,,,,,,,,,,,,,,,
Panthers,00-0035251,106.21459646133653,Panthers,-0.068,31.30%,Will Grier,QB,0.4442709384460141,2020.0,will grier,will grier,will grier,,,,,,,,,,,,,,,,,,,,,,,,,,,,,,,,,,,,,,,,,,,,,
Rams,00-0031407,278.77279181201556,Rams,0.151,61.10%,Blake Bortles,QB,0.0311624621594349,2020.0,blake bortles,blake bortles,blake bortles,,,,,,,,,,,,,,,,,,,,,,,,,,,,,,,,,,,,,,,,,,,,,
Texans,00-0021206,1.5077385613606649,Texans,-0.075,25.00%,Josh McCown,QB,0.2656261352169525,2020.0,josh mccown,josh mccown,josh mccown,,,,,,,,,,,,,,,,,,,,,,,,,,,,,,,,,,,,,,,,,,,,,
Vikings,00-0032245,66.97916698941678,Vikings,-0.006,43.80%,Sean Mannion,QB,0.4477800201816347,2020.0,sean mannion,sean mannion,sean mannion,,,,,,,,,,,,,,,,,,,,,,,,,,,,,,,,,,,,,,,,,,,,,
49ers,00-0032792,19.92202601861248,49ers,0.081,60.00%,Nate Sudfeld,QB,0.0076712328767123,2021.0,nate sudfeld,nate sudfeld,nate sudfeld,,,,,,,,,,,,,,,,,,,,,,,,,,,,,,,,,,,,,,,,,,,,,
Bears,00-0037028,0.0,Bears,-0.119,35.30%,Ryan Willis,QB,0.0100821917808219,2021.0,ryan willis,malik willis,malik willis,,,,,,,,,,,,,,,,,,,,,,,,,,,,,,,,,,,,,,,,,,,,,
Bengals,00-0035100,0.0,Bengals,0.077,61.90%,Jake Browning,QB,0.0200909589041095,2021.0,jake browning,jake browning,jake browning,,,,,,,,,,,,,,,,,,,,,,,,,,,,,,,,,,,,,,,,,,,,,
Bills,00-0033550,93.03859386968126,Bills,0.202,63.20%,Davis Webb,QB,0.0613698630136986,2021.0,davis webb,davis webb,davis webb,,,,,,,,,,,,,,,,,,,,,,,,,,,,,,,,,,,,,,,,,,,,,
Broncos,00-0035988,0.0,Broncos,0.016,41.20%,Anthony Gordon,QB,0.0151232876712328,2021.0,anthony gordon,anthony brown,anthony brown,,,,,,,,,,,,,,,,,,,,,,,,,,,,,,,,,,,,,,,,,,,,,
Buccaneers,00-0036928,188.0795140943699,Buccaneers,0.205,73.70%,Kyle Trask,QB,0.5514657534246575,2021.0,kyle trask,kyle trask,kyle trask,,,,,,,,,,,,,,,,,,,,,,,,,,,,,,,,,,,,,,,,,,,,,
Buccaneers,00-0029857,0.0,Buccaneers,0.205,73.70%,Ryan Griffin,QB,0.1380821917808219,2021.0,ryan griffin,ryan griffin,ryan griffin,,,,,,,,,,,,,,,,,,,,,,,,,,,,,,,,,,,,,,,,,,,,,
Cardinals,00-0035146,28.26533656160372,Cardinals,0.141,61.10%,Trace McSorley,QB,0.1811254794520548,2021.0,trace mcsorley,trace mcsorley,trace mcsorley,,,,,,,,,,,,,,,,,,,,,,,,,,,,,,,,,,,,,,,,,,,,,
Chargers,00-0035282,43.715524274716685,Chargers,0.044,52.90%,Easton Stick,QB,0.5037758904109589,2021.0,easton stick,easton stick,easton stick,,,,,,,,,,,,,,,,,,,,,,,,,,,,,,,,,,,,,,,,,,,,,
Chargers,00-0026544,0.0,Chargers,0.044,52.90%,Chase Daniel,QB,1.095890410958904,2021.0,chase daniel,chase daniel,chase daniel,,,,,,,,,,,,,,,,,,,,,,,,,,,,,,,,,,,,,,,,,,,,,
Chiefs,00-0036679,0.0,Chiefs,0.102,70.00%,Shane Buechele,QB,0.1607276712328767,2021.0,shane buechele,,shane buechele,,,,,,,,,,,,,,,,,,,,,,,,,,,,,,,,,,,,,,,,,,,,,
Colts,00-0036301,78.2981689020182,Colts,0.06,52.90%,James Morgan,QB,0.0252054794520547,2021.0,james morgan,,james morgan,,,,,,,,,,,,,,,,,,,,,,,,,,,,,,,,,,,,,,,,,,,,,
Colts,00-0031589,24.856580599990966,Colts,0.06,52.90%,Brett Hundley,QB,0.0560120547945205,2021.0,brett hundley,brett hundley,brett hundley,,,,,,,,,,,,,,,,,,,,,,,,,,,,,,,,,,,,,,,,,,,,,
Colts,00-0031589,24.856580599990966,Colts,0.06,52.90%,Brett Hundley,QB,0.0076712328767123,2021.0,brett hundley,brett hundley,brett hundley,,,,,,,,,,,,,,,,,,,,,,,,,,,,,,,,,,,,,,,,,,,,,
Colts,00-0036879,23.74303503009006,Colts,0.06,52.90%,Sam Ehlinger,QB,0.3347972602739726,2021.0,sam ehlinger,sam ehlinger,sam ehlinger,,,,,,,,,,,,,,,,,,,,,,,,,,,,,,,,,,,,,,,,,,,,,
Cowboys,00-0035251,96.10694121980713,Cowboys,0.173,66.70%,Will Grier,QB,0.4657534246575342,2021.0,will grier,will grier,will grier,,,,,,,,,,,,,,,,,,,,,,,,,,,,,,,,,,,,,,,,,,,,,
Dolphins,00-0036312,35.05482781900024,Dolphins,-0.019,52.90%,Jake Luton,QB,0.0403287671232876,2021.0,jake luton,jake luton,jake luton,,,,,,,,,,,,,,,,,,,,,,,,,,,,,,,,,,,,,,,,,,,,,
Eagles,00-0036052,0.0,Eagles,0.052,50.00%,Reid Sinnett,QB,0.2210043835616438,2021.0,reid sinnett,,reid sinnett,,,,,,,,,,,,,,,,,,,,,,,,,,,,,,,,,,,,,,,,,,,,,
Falcons,00-0030533,24.315415564110268,Falcons,-0.156,41.20%,Matt Barkley,QB,0.0076712328767123,2021.0,matt barkley,matt barkley,matt barkley,,,,,,,,,,,,,,,,,,,,,,,,,,,,,,,,,,,,,,,,,,,,,
Falcons,00-0031288,14.952562071082632,Falcons,-0.156,41.20%,A.J. McCarron,QB,0.5410958904109588,2021.0,aj mccarron,aj mccarron,aj mccarron,,,,,,,,,,,,,,,,,,,,,,,,,,,,,,,,,,,,,,,,,,,,,
Giants,00-0035283,43.376396619258934,Giants,-0.169,23.50%,Clayton Thorson,QB,0.0050410958904109,2021.0,clayton thorson,clayton tune,clayton tune,,,,,,,,,,,,,,,,,,,,,,,,,,,,,,,,,,,,,,,,,,,,,
Jaguars,00-0034423,17.432219501790488,Jaguars,-0.19,17.70%,Danny Etling,QB,0.0200909589041095,2021.0,danny etling,,danny etling,,,,,,,,,,,,,,,,,,,,,,,,,,,,,,,,,,,,,,,,,,,,,
Lions,00-0036022,0.0,Lions,-0.163,18.80%,Steven Montez,QB,0.0907397260273972,2021.0,steven montez,,steven montez,,,,,,,,,,,,,,,,,,,,,,,,,,,,,,,,,,,,,,,,,,,,,
Lions,00-0035040,0.0,Lions,-0.163,18.80%,David Blough,QB,0.4657534246575342,2021.0,david blough,david blough,david blough,,,,,,,,,,,,,,,,,,,,,,,,,,,,,,,,,,,,,,,,,,,,,
Packers,00-0034131,0.0,Packers,0.116,72.20%,Kurt Benkert,QB,0.0201643835616438,2021.0,kurt benkert,,kurt benkert,,,,,,,,,,,,,,,,,,,,,,,,,,,,,,,,,,,,,,,,,,,,,
Patriots,00-0035264,64.82923459464897,Patriots,0.133,55.60%,Jarrett Stidham,QB,0.5528920547945205,2021.0,jarrett stidham,jarrett stidham,jarrett stidham,,,,,,,,,,,,,,,,,,,,,,,,,,,,,,,,,,,,,,,,,,,,,
Raiders,00-0033958,33.8908251436598,Raiders,-0.062,55.60%,Nathan Peterman,QB,0.0153424657534246,2021.0,nathan peterman,nathan peterman,nathan peterman,,,,,,,,,,,,,,,,,,,,,,,,,,,,,,,,,,,,,,,,,,,,,
Rams,00-0035939,0.0,Rams,0.107,76.20%,Bryce Perkins,QB,0.3616438356164383,2021.0,bryce perkins,bryce perkins,bryce perkins,,,,,,,,,,,,,,,,,,,,,,,,,,,,,,,,,,,,,,,,,,,,,
Ravens,00-0035752,0.0,Ravens,-0.069,47.10%,Chris Streveler,QB,0.0302465753424657,2021.0,chris streveler,chris streveler,chris streveler,,,,,,,,,,,,,,,,,,,,,,,,,,,,,,,,,,,,,,,,,,,,,
Saints,00-0031407,206.51996360465236,Saints,0.038,52.90%,Blake Bortles,QB,0.0153424657534246,2021.0,blake bortles,blake bortles,blake bortles,,,,,,,,,,,,,,,,,,,,,,,,,,,,,,,,,,,,,,,,,,,,,
Steelers,00-0035232,374.56448844284773,Steelers,-0.057,52.90%,Dwayne Haskins,QB,0.4657534246575342,2021.0,dwayne haskins,dwayne haskins,dwayne haskins,,,,,,,,,,,,,,,,,,,,,,,,,,,,,,,,,,,,,,,,,,,,,
Steelers,00-0033949,51.951243652344665,Steelers,-0.057,52.90%,Joshua Dobbs,QB,0.4931506849315068,2021.0,joshua dobbs,joshua dobbs,joshua dobbs,,,,,,,,,,,,,,,,,,,,,,,,,,,,,,,,,,,,,,,,,,,,,
Texans,00-0033537,336.13517260829195,Texans,-0.211,23.50%,Deshaun Watson,QB,8.734246575342466,2021.0,deshaun watson,deshaun watson,deshaun watson,,,,,,,,,,,,,,,,,,,,,,,,,,,,,,,,,,,,,,,,,,,,,
Texans,00-0032436,14.219983204570545,Texans,-0.211,23.50%,Jeff Driskel,QB,0.3917808219178082,2021.0,jeff driskel,jeff driskel,jeff driskel,,,,,,,,,,,,,,,,,,,,,,,,,,,,,,,,,,,,,,,,,,,,,
Titans,00-0032784,28.099472366455277,Titans,0.043,66.70%,Kevin Hogan,QB,0.0460273972602739,2021.0,kevin hogan,kevin hogan,kevin hogan,,,,,,,,,,,,,,,,,,,,,,,,,,,,,,,,,,,,,,,,,,,,,
Titans,00-0034438,11.102506693507294,Titans,0.043,66.70%,Logan Woodside,QB,0.4273972602739726,2021.0,logan woodside,logan woodside,logan woodside,,,,,,,,,,,,,,,,,,,,,,,,,,,,,,,,,,,,,,,,,,,,,
Vikings,00-0036279,14.410767577210205,Vikings,0.022,47.10%,Nate Stanley,QB,0.2273972602739726,2021.0,nate stanley,alex tanney,alex tanney,,,,,,,,,,,,,,,,,,,,,,,,,,,,,,,,,,,,,,,,,,,,,
Bengals,00-0035100,0.0,Bengals,0.124,73.70%,Jake Browning,QB,0.0994236311239193,2022.0,jake browning,jake browning,jake browning,,,,,,,,,,,,,,,,,,,,,,,,,,,,,,,,,,,,,,,,,,,,,
Bills,00-0030533,18.013302893340718,Bills,0.156,77.80%,Matt Barkley,QB,0.1720461095100864,2022.0,matt barkley,matt barkley,matt barkley,,,,,,,,,,,,,,,,,,,,,,,,,,,,,,,,,,,,,,,,,,,,,
Broncos,00-0037650,0.0,Broncos,-0.036,29.40%,Jarrett Guarantano,QB,0.0564365994236311,2022.0,jarrett guarantano,,jarrett guarantano,,,,,,,,,,,,,,,,,,,,,,,,,,,,,,,,,,,,,,,,,,,,,
Browns,00-0036946,165.89288938100736,Browns,-0.016,41.20%,Kellen Mond,QB,0.4310413064361191,2022.0,kellen mond,kellen mond,kellen mond,,,,,,,,,,,,,,,,,,,,,,,,,,,,,,,,,,,,,,,,,,,,,
Buccaneers,00-0029857,0.0,Buccaneers,-0.004,44.40%,Ryan Griffin,QB,0.1720461095100864,2022.0,ryan griffin,ryan griffin,ryan griffin,,,,,,,,,,,,,,,,,,,,,,,,,,,,,,,,,,,,,,,,,,,,,
Chargers,00-0035282,39.55544211282296,Chargers,-0.005,55.60%,Easton Stick,QB,0.4968256484149855,2022.0,easton stick,easton stick,easton stick,,,,,,,,,,,,,,,,,,,,,,,,,,,,,,,,,,,,,,,,,,,,,
Chiefs,00-0037324,16.589239353891337,Chiefs,0.18,85.00%,Chris Oladokun,QB,0.0994236311239193,2022.0,chris oladokun,,chris oladokun,,,,,,,,,,,,,,,,,,,,,,,,,,,,,,,,,,,,,,,,,,,,,
Chiefs,00-0036679,0.0,Chiefs,0.18,85.00%,Shane Buechele,QB,0.3962536023054755,2022.0,shane buechele,,shane buechele,,,,,,,,,,,,,,,,,,,,,,,,,,,,,,,,,,,,,,,,,,,,,
Commanders,00-0036197,43.376396619258934,Commanders,-0.007,50.00%,Jake Fromm,QB,0.0662824207492795,2022.0,jake fromm,jake fromm,jake fromm,,,,,,,,,,,,,,,,,,,,,,,,,,,,,,,,,,,,,,,,,,,,,
Cowboys,00-0035251,86.96115654866401,Cowboys,0.118,68.40%,Will Grier,QB,0.1029990393852065,2022.0,will grier,will grier,will grier,,,,,,,,,,,,,,,,,,,,,,,,,,,,,,,,,,,,,,,,,,,,,
Dolphins,00-0030520,24.935629986532096,Dolphins,0.032,50.00%,Mike Glennon,QB,0.0095581171950048,2022.0,mike glennon,mike glennon,mike glennon,,,,,,,,,,,,,,,,,,,,,,,,,,,,,,,,,,,,,,,,,,,,,
Eagles,00-0036929,71.64738471510974,Eagles,0.163,80.00%,Ian Book,QB,0.3962536023054755,2022.0,ian book,ian book,ian book,,,,,,,,,,,,,,,,,,,,,,,,,,,,,,,,,,,,,,,,,,,,,
Falcons,00-0034438,10.0459634902801,Falcons,-0.061,41.20%,Logan Woodside,QB,0.1194092219020173,2022.0,logan woodside,logan woodside,logan woodside,,,,,,,,,,,,,,,,,,,,,,,,,,,,,,,,,,,,,,,,,,,,,
Jaguars,00-0037068,0.0,Jaguars,0.065,52.60%,EJ Perry,QB,0.0994236311239193,2022.0,ej perry,,ej perry,,,,,,,,,,,,,,,,,,,,,,,,,,,,,,,,,,,,,,,,,,,,,
Lions,00-0032792,14.758599867483383,Lions,-0.011,52.90%,Nate Sudfeld,QB,0.4971181556195965,2022.0,nate sudfeld,nate sudfeld,nate sudfeld,,,,,,,,,,,,,,,,,,,,,,,,,,,,,,,,,,,,,,,,,,,,,
Lions,00-0036022,0.0,Lions,-0.011,52.90%,Steven Montez,QB,0.0165706051873198,2022.0,steven montez,,steven montez,,,,,,,,,,,,,,,,,,,,,,,,,,,,,,,,,,,,,,,,,,,,,
Packers,00-0034423,15.773324484636207,Packers,-0.014,47.10%,Danny Etling,QB,0.0994236311239193,2022.0,danny etling,,danny etling,,,,,,,,,,,,,,,,,,,,,,,,,,,,,,,,,,,,,,,,,,,,,
Panthers,00-0038132,126.91571549828969,Panthers,-0.046,41.20%,Matt Corral,QB,0.3127886647454371,2022.0,matt corral,matt cassel,matt cassel,,,,,,,,,,,,,,,,,,,,,,,,,,,,,,,,,,,,,,,,,,,,,
Panthers,00-0037360,0.0,Panthers,-0.046,41.20%,Davis Cheek,QB,0.0276176753121998,2022.0,davis cheek,,davis cheek,,,,,,,,,,,,,,,,,,,,,,,,,,,,,,,,,,,,,,,,,,,,,
Patriots,00-0031395,5.1392407260693345,Patriots,0.038,47.10%,Garrett Gilbert,QB,0.1035542747358309,2022.0,garrett gilbert,garrett gilbert,garrett gilbert,,,,,,,,,,,,,,,,,,,,,,,,,,,,,,,,,,,,,,,,,,,,,
Raiders,00-0037507,0.0,Raiders,-0.059,35.30%,Chase Garbers,QB,0.037624399615754,2022.0,chase garbers,,chase garbers,,,,,,,,,,,,,,,,,,,,,,,,,,,,,,,,,,,,,,,,,,,,,
Rams,00-0035812,0.0,Rams,-0.098,29.40%,Case Cookus,QB,0.0386647454370797,2022.0,case cookus,,case cookus,,,,,,,,,,,,,,,,,,,,,,,,,,,,,,,,,,,,,,,,,,,,,
Ravens,00-0031589,18.414207812317017,Ravens,0.006,55.60%,Brett Hundley,QB,0.036983669548511,2022.0,brett hundley,brett hundley,brett hundley,,,,,,,,,,,,,,,,,,,,,,,,,,,,,,,,,,,,,,,,,,,,,
Saints,00-0036312,31.718919893439303,Saints,-0.002,41.20%,Jake Luton,QB,0.0497118155619596,2022.0,jake luton,jake luton,jake luton,,,,,,,,,,,,,,,,,,,,,,,,,,,,,,,,,,,,,,,,,,,,,
Seahawks,00-0035704,197.93659738452592,Seahawks,-0.019,50.00%,Drew Lock,QB,0.6969361191162344,2022.0,drew lock,drew lock,drew lock,,,,,,,,,,,,,,,,,,,,,,,,,,,,,,,,,,,,,,,,,,,,,
Seahawks,00-0032245,36.75894621967683,Seahawks,-0.019,50.00%,Sean Mannion,QB,0.1720461095100864,2022.0,sean mannion,sean mannion,sean mannion,,,,,,,,,,,,,,,,,,,,,,,,,,,,,,,,,,,,,,,,,,,,,
Steelers,00-0034771,107.19631129862644,Steelers,-0.009,52.90%,Mason Rudolph,QB,1.9404418828049952,2022.0,mason rudolph,mason rudolph,mason rudolph,,,,,,,,,,,,,,,,,,,,,,,,,,,,,,,,,,,,,,,,,,,,,
Titans,00-0032784,20.816601120612496,Titans,-0.081,41.20%,Kevin Hogan,QB,0.0295869356388088,2022.0,kevin hogan,kevin hogan,kevin hogan,,,,,,,,,,,,,,,,,,,,,,,,,,,,,,,,,,,,,,,,,,,,,
Vikings,00-0034343,360.3334839346859,Vikings,-0.001,72.20%,Josh Rosen,QB,0.0221902017291066,2022.0,josh rosen,josh rosen,josh rosen,,,,,,,,,,,,,,,,,,,,,,,,,,,,,,,,,,,,,,,,,,,,,
49ers,00-0032434,8.694306439197055,49ers,0.26,70.00%,Brandon Allen,QB,0.4859875444839857,2023.0,brandon allen,brandon allen,brandon allen,,,,,,,,,,,,,,,,,,,,,,,,,,,,,,,,,,,,,,,,,,,,,
Bears,00-0033958,18.599679195668497,Bears,0.0,41.20%,Nathan Peterman,QB,0.3019968861209964,2023.0,nathan peterman,nathan peterman,nathan peterman,,,,,,,,,,,,,,,,,,,,,,,,,,,,,,,,,,,,,,,,,,,,,
Bengals,00-0038137,0.0,Bengals,-0.04,52.90%,Drew Plitt,QB,0.0373665480427046,2023.0,drew plitt,,drew plitt,,,,,,,,,,,,,,,,,,,,,,,,,,,,,,,,,,,,,,,,,,,,,
Bills,00-0036679,0.0,Bills,0.19,63.20%,Shane Buechele,QB,0.096085409252669,2023.0,shane buechele,,shane buechele,,,,,,,,,,,,,,,,,,,,,,,,,,,,,,,,,,,,,,,,,,,,,
Bills,00-0034577,0.0,Bills,0.19,63.20%,Kyle Allen,QB,0.4859875444839857,2023.0,kyle allen,kyle allen,kyle allen,,,,,,,,,,,,,,,,,,,,,,,,,,,,,,,,,,,,,,,,,,,,,
Broncos,00-0036384,13.825549959039474,Broncos,-0.07,47.10%,Ben DiNucci,QB,0.096085409252669,2023.0,ben dinucci,ben dinucci,ben dinucci,,,,,,,,,,,,,,,,,,,,,,,,,,,,,,,,,,,,,,,,,,,,,
Buccaneers,00-0034899,0.0,Buccaneers,-0.01,52.60%,John Wolford,QB,0.2496040925266904,2023.0,john wolford,john wolford,john wolford,,,,,,,,,,,,,,,,,,,,,,,,,,,,,,,,,,,,,,,,,,,,,
Chargers,00-0035251,78.68570836091402,Chargers,-0.08,29.40%,Will Grier,QB,0.0696917259786476,2023.0,will grier,will grier,will grier,,,,,,,,,,,,,,,,,,,,,,,,,,,,,,,,,,,,,,,,,,,,,
Chargers,00-0038637,16.869906020558005,Chargers,-0.08,29.40%,Max Duggan,QB,0.0106761565836298,2023.0,max duggan,,max duggan,,,,,,,,,,,,,,,,,,,,,,,,,,,,,,,,,,,,,,,,,,,,,
Chiefs,00-0037324,15.010564504155566,Chiefs,0.1,71.40%,Chris Oladokun,QB,0.096085409252669,2023.0,chris oladokun,,chris oladokun,,,,,,,,,,,,,,,,,,,,,,,,,,,,,,,,,,,,,,,,,,,,,
Colts,00-0036946,150.10609369803575,Colts,-0.01,52.90%,Kellen Mond,QB,0.0693950177935943,2023.0,kellen mond,kellen mond,kellen mond,,,,,,,,,,,,,,,,,,,,,,,,,,,,,,,,,,,,,,,,,,,,,
Colts,00-0036879,19.439152950542535,Colts,-0.01,52.90%,Sam Ehlinger,QB,0.4326854982206405,2023.0,sam ehlinger,sam ehlinger,sam ehlinger,,,,,,,,,,,,,,,,,,,,,,,,,,,,,,,,,,,,,,,,,,,,,
Commanders,00-0036197,39.248586720673984,Commanders,-0.21,23.50%,Jake Fromm,QB,0.0464608540925266,2023.0,jake fromm,jake fromm,jake fromm,,,,,,,,,,,,,,,,,,,,,,,,,,,,,,,,,,,,,,,,,,,,,
Cowboys,00-0037012,620.4202579277504,Cowboys,0.21,66.70%,Trey Lance,QB,0.4181494661921708,2023.0,trey lance,trey lance,trey lance,,,,,,,,,,,,,,,,,,,,,,,,,,,,,,,,,,,,,,,,,,,,,
Dolphins,00-0037327,14.032545536471172,Dolphins,0.13,61.10%,Skylar Thompson,QB,0.3961539145907473,2023.0,skylar thompson,skylar thompson,skylar thompson,,,,,,,,,,,,,,,,,,,,,,,,,,,,,,,,,,,,,,,,,,,,,
Eagles,00-0038400,39.651155712866995,Eagles,0.0,61.10%,Tanner McKee,QB,0.3543727758007117,2023.0,tanner mckee,tanner mckee,tanner mckee,,,,,,,,,,,,,,,,,,,,,,,,,,,,,,,,,,,,,,,,,,,,,
Giants,00-0036226,66.05609851368895,Giants,-0.15,35.30%,Jacob Eason,QB,0.0232304270462633,2023.0,jacob eason,jacob eason,jacob eason,,,,,,,,,,,,,,,,,,,,,,,,,,,,,,,,,,,,,,,,,,,,,
Jaguars,00-0030533,13.344582998045512,Jaguars,-0.04,52.90%,Matt Barkley,QB,0.0575818505338078,2023.0,matt barkley,matt barkley,matt barkley,,,,,,,,,,,,,,,,,,,,,,,,,,,,,,,,,,,,,,,,,,,,,
Jaguars,00-0037068,0.0,Jaguars,-0.04,52.90%,EJ Perry,QB,0.0160142348754448,2023.0,ej perry,,ej perry,,,,,,,,,,,,,,,,,,,,,,,,,,,,,,,,,,,,,,,,,,,,,
Lions,00-0038550,178.20869107823418,Lions,0.09,70.00%,Hendon Hooker,QB,0.3513447508896797,2023.0,hendon hooker,hendon hooker,hendon hooker,,,,,,,,,,,,,,,,,,,,,,,,,,,,,,,,,,,,,,,,,,,,,
Lions,00-0031237,47.14988464565865,Lions,0.09,70.00%,Teddy Bridgewater,QB,1.0571485765124555,2023.0,teddy bridgewater,teddy bridgewater,teddy bridgewater,,,,,,,,,,,,,,,,,,,,,,,,,,,,,,,,,,,,,,,,,,,,,
Lions,00-0032792,10.93343969358248,Lions,0.09,70.00%,Nate Sudfeld,QB,0.7117437722419928,2023.0,nate sudfeld,nate sudfeld,nate sudfeld,,,,,,,,,,,,,,,,,,,,,,,,,,,,,,,,,,,,,,,,,,,,,
Lions,00-0035040,0.0,Lions,0.09,70.00%,David Blough,QB,0.1649466192170818,2023.0,david blough,david blough,david blough,,,,,,,,,,,,,,,,,,,,,,,,,,,,,,,,,,,,,,,,,,,,,
Packers,00-0034732,11.492386076250558,Packers,0.05,52.60%,Alex McGough,QB,0.096085409252669,2023.0,alex mcgough,,alex mcgough,,,,,,,,,,,,,,,,,,,,,,,,,,,,,,,,,,,,,,,,,,,,,
Patriots,00-0038150,0.0,Patriots,-0.12,23.50%,Nathan Rourke,QB,0.0556054270462633,2023.0,nathan rourke,,nathan rourke,,,,,,,,,,,,,,,,,,,,,,,,,,,,,,,,,,,,,,,,,,,,,
Rams,00-0039107,83.40394402994575,Rams,0.04,55.60%,Stetson Bennett,QB,0.2779283807829181,2023.0,stetson bennett,,stetson bennett,,,,,,,,,,,,,,,,,,,,,,,,,,,,,,,,,,,,,,,,,,,,,
Rams,00-0038385,0.0,Rams,0.04,55.60%,Dresser Winn,QB,0.0053380782918149,2023.0,dresser winn,,dresser winn,,,,,,,,,,,,,,,,,,,,,,,,,,,,,,,,,,,,,,,,,,,,,
Ravens,00-0026300,1.4339112844135755,Ravens,0.21,73.70%,Josh Johnson,QB,0.3484564056939501,2023.0,josh johnson,josh johnson,josh johnson,,,,,,,,,,,,,,,,,,,,,,,,,,,,,,,,,,,,,,,,,,,,,
Ravens,00-0038911,0.0,Ravens,0.21,73.70%,Malik Cunningham,QB,0.0741405693950177,2023.0,malik cunningham,,malik cunningham,,,,,,,,,,,,,,,,,,,,,,,,,,,,,,,,,,,,,,,,,,,,,
Saints,00-0038998,84.57952349910451,Saints,0.08,52.90%,Jake Haener,QB,0.3008024911032028,2023.0,jake haener,jake haener,jake haener,,,,,,,,,,,,,,,,,,,,,,,,,,,,,,,,,,,,,,,,,,,,,
Seahawks,00-0032245,27.231697132595947,Seahawks,-0.04,52.90%,Sean Mannion,QB,0.0458185053380782,2023.0,sean mannion,sean mannion,sean mannion,,,,,,,,,,,,,,,,,,,,,,,,,,,,,,,,,,,,,,,,,,,,,
Steelers,00-0035146,23.141700289084422,Steelers,-0.03,55.60%,Trace McSorley,QB,0.0358096085409252,2023.0,trace mcsorley,trace mcsorley,trace mcsorley,,,,,,,,,,,,,,,,,,,,,,,,,,,,,,,,,,,,,,,,,,,,,
Texans,00-0034177,0.0,Texans,0.02,57.90%,Tim Boyle,QB,0.0214857651245551,2023.0,tim boyle,tim boyle,tim boyle,,,,,,,,,,,,,,,,,,,,,,,,,,,,,,,,,,,,,,,,,,,,,
49ers,00-0039699,0.0,49ers,0.02174647007,35.30%,Tanner Mordecai,QB,0.0880971025841816,2024.0,tanner mordecai,,tanner mordecai,,,,,,,,,,,,,,,,,,,,,,,,,,,,,,,,,,,,,,,,,,,,,
Bears,00-0039464,0.0,Bears,-0.08766408568,29.40%,Austin Reed,QB,0.0880971025841816,2024.0,austin reed,austin davis,austin davis,,,,,,,,,,,,,,,,,,,,,,,,,,,,,,,,,,,,,,,,,,,,,
Bengals,00-0034438,5.513341659241477,Bengals,0.04236154557,52.90%,Logan Woodside,QB,0.0131558339859044,2024.0,logan woodside,logan woodside,logan woodside,,,,,,,,,,,,,,,,,,,,,,,,,,,,,,,,,,,,,,,,,,,,,
Bengals,00-0035100,0.0,Bengals,0.04236154557,52.90%,Jake Browning,QB,0.3582615505090055,2024.0,jake browning,jake browning,jake browning,,,,,,,,,,,,,,,,,,,,,,,,,,,,,,,,,,,,,,,,,,,,,
Bills,00-0036679,0.0,Bills,0.1922816216,75.00%,Shane Buechele,QB,0.2192638997650744,2024.0,shane buechele,,shane buechele,,,,,,,,,,,,,,,,,,,,,,,,,,,,,,,,,,,,,,,,,,,,,
Broncos,00-0037013,637.5902848677591,Broncos,0.1355160561,55.60%,Zach Wilson,QB,1.0675947533281127,2024.0,zach wilson,zach wilson,zach wilson,,,,,,,,,,,,,,,,,,,,,,,,,,,,,,,,,,,,,,,,,,,,,
Broncos,00-0035264,39.32091842735752,Broncos,0.1355160561,55.60%,Jarrett Stidham,QB,2.74079874706343,2024.0,jarrett stidham,jarrett stidham,jarrett stidham,,,,,,,,,,,,,,,,,,,,,,,,,,,,,,,,,,,,,,,,,,,,,
Buccaneers,00-0039238,15.787027900146844,Buccaneers,0.1051836178,55.60%,Michael Pratt,QB,0.0880971025841816,2024.0,michael pratt,michael penix,michael penix,,,,,,,,,,,,,,,,,,,,,,,,,,,,,,,,,,,,,,,,,,,,,
Chargers,00-0035282,26.51480577802755,Chargers,0.08650381147,61.10%,Easton Stick,QB,0.5060689115113547,2024.0,easton stick,easton stick,easton stick,,,,,,,,,,,,,,,,,,,,,,,,,,,,,,,,,,,,,,,,,,,,,
Chiefs,00-0037324,13.582120429202346,Chiefs,0.0383547092,85.00%,Chris Oladokun,QB,0.0538371182458888,2024.0,chris oladokun,,chris oladokun,,,,,,,,,,,,,,,,,,,,,,,,,,,,,,,,,,,,,,,,,,,,,
Colts,00-0036879,17.589272964575017,Colts,-0.06411872932,47.10%,Sam Ehlinger,QB,0.4258719655442443,2024.0,sam ehlinger,sam ehlinger,sam ehlinger,,,,,,,,,,,,,,,,,,,,,,,,,,,,,,,,,,,,,,,,,,,,,
Colts,00-0039575,0.0,Colts,-0.06411872932,47.10%,Jason Bean,QB,0.0880971025841816,2024.0,jason bean,,jason bean,,,,,,,,,,,,,,,,,,,,,,,,,,,,,,,,,,,,,,,,,,,,,
Commanders,00-0032436,5.781413732999281,Commanders,0.1328873341,70.00%,Jeff Driskel,QB,0.3856695379796397,2024.0,jeff driskel,jeff driskel,jeff driskel,,,,,,,,,,,,,,,,,,,,,,,,,,,,,,,,,,,,,,,,,,,,,
Commanders,00-0039677,0.0,Commanders,0.1328873341,70.00%,Sam Hartman,QB,0.0636256851996867,2024.0,sam hartman,,sam hartman,,,,,,,,,,,,,,,,,,,,,,,,,,,,,,,,,,,,,,,,,,,,,
Cowboys,00-0035251,58.2918064610129,Cowboys,-0.1874393508,41.20%,Will Grier,QB,0.0244714173844949,2024.0,will grier,will grier,will grier,,,,,,,,,,,,,,,,,,,,,,,,,,,,,,,,,,,,,,,,,,,,,
Eagles,00-0036929,58.659917243869685,Eagles,0.2151322403,85.70%,Ian Book,QB,0.0428519968676585,2024.0,ian book,ian book,ian book,,,,,,,,,,,,,,,,,,,,,,,,,,,,,,,,,,,,,,,,,,,,,
Falcons,00-0033958,13.778981246985904,Falcons,-0.03880498761,47.10%,Nathan Peterman,QB,0.1501174628034455,2024.0,nathan peterman,nathan peterman,nathan peterman,,,,,,,,,,,,,,,,,,,,,,,,,,,,,,,,,,,,,,,,,,,,,
Falcons,00-0039331,0.0,Falcons,-0.03880498761,47.10%,Emory Jones,QB,0.0097885669537979,2024.0,emory jones,mac jones,mac jones,,,,,,,,,,,,,,,,,,,,,,,,,,,,,,,,,,,,,,,,,,,,,
Jaguars,00-0033936,30.282627077147385,Jaguars,-0.155612123,23.50%,C.J. Beathard,QB,0.1928347689898198,2024.0,cj beathard,cj beathard,cj beathard,,,,,,,,,,,,,,,,,,,,,,,,,,,,,,,,,,,,,,,,,,,,,
Jaguars,00-0034899,0.0,Jaguars,-0.155612123,23.50%,John Wolford,QB,0.0328895849647611,2024.0,john wolford,john wolford,john wolford,,,,,,,,,,,,,,,,,,,,,,,,,,,,,,,,,,,,,,,,,,,,,
Jets,00-0039797,50.55916997275343,Jets,-0.02455557428,29.40%,Jordan Travis,QB,0.208915035238841,2024.0,jordan travis,,jordan travis,,,,,,,,,,,,,,,,,,,,,,,,,,,,,,,,,,,,,,,,,,,,,
Jets,00-0038658,0.0,Jets,-0.02455557428,29.40%,Adrian Martinez,QB,0.0880971025841816,2024.0,adrian martinez,,adrian martinez,,,,,,,,,,,,,,,,,,,,,,,,,,,,,,,,,,,,,,,,,,,,,
Lions,00-0036197,35.5135898698951,Lions,0.2197285648,83.30%,Jake Fromm,QB,0.0880971025841816,2024.0,jake fromm,jake fromm,jake fromm,,,,,,,,,,,,,,,,,,,,,,,,,,,,,,,,,,,,,,,,,,,,,
Packers,00-0038391,59.553855344418515,Packers,0.1652537339,61.10%,Sean Clifford,QB,0.0880971025841816,2024.0,sean clifford,sean clifford,sean clifford,,,,,,,,,,,,,,,,,,,,,,,,,,,,,,,,,,,,,,,,,,,,,
Packers,00-0034732,8.513769004395286,Packers,0.1652537339,61.10%,Alex McGough,QB,0.0342599843382928,2024.0,alex mcgough,,alex mcgough,,,,,,,,,,,,,,,,,,,,,,,,,,,,,,,,,,,,,,,,,,,,,
Panthers,00-0039501,0.0,Panthers,-0.2237786502,29.40%,Jack Plummer,QB,0.0345865309318715,2024.0,jack plummer,,jack plummer,,,,,,,,,,,,,,,,,,,,,,,,,,,,,,,,,,,,,,,,,,,,,
Panthers,00-0036825,0.0,Panthers,-0.2237786502,29.40%,Feleipe Franks,QB,0.3428159749412686,2024.0,feleipe franks,feleipe franks,feleipe franks,,,,,,,,,,,,,,,,,,,,,,,,,,,,,,,,,,,,,,,,,,,,,
Raiders,00-0036312,25.969255171175742,Raiders,-0.1373166516,23.50%,Jake Luton,QB,0.0195771339075959,2024.0,jake luton,jake luton,jake luton,,,,,,,,,,,,,,,,,,,,,,,,,,,,,,,,,,,,,,,,,,,,,
Raiders,00-0039534,0.0,Raiders,-0.1373166516,23.50%,Carter Bradley,QB,0.0691730618637431,2024.0,carter bradley,,carter bradley,,,,,,,,,,,,,,,,,,,,,,,,,,,,,,,,,,,,,,,,,,,,,
Rams,00-0039107,75.46700937007179,Rams,-0.04232456626,57.90%,Stetson Bennett,QB,0.3797122161315583,2024.0,stetson bennett,,stetson bennett,,,,,,,,,,,,,,,,,,,,,,,,,,,,,,,,,,,,,,,,,,,,,
Ravens,00-0039801,23.74303503009006,Ravens,0.269860976,68.40%,Devin Leary,QB,0.0880971025841816,2024.0,devin leary,,devin leary,,,,,,,,,,,,,,,,,,,,,,,,,,,,,,,,,,,,,,,,,,,,,
Ravens,00-0038911,0.0,Ravens,0.269860976,68.40%,Malik Cunningham,QB,0.0880971025841816,2024.0,malik cunningham,,malik cunningham,,,,,,,,,,,,,,,,,,,,,,,,,,,,,,,,,,,,,,,,,,,,,
Saints,00-0036384,12.509874927864445,Saints,-0.08437242371,29.40%,Ben DiNucci,QB,0.0195771339075959,2024.0,ben dinucci,ben dinucci,ben dinucci,,,,,,,,,,,,,,,,,,,,,,,,,,,,,,,,,,,,,,,,,,,,,
Seahawks,00-0038598,49.64425437047008,Seahawks,-0.01655071719,58.80%,Jaren Hall,QB,0.0597102584181675,2024.0,jaren hall,jaren hall,jaren hall,,,,,,,,,,,,,,,,,,,,,,,,,,,,,,,,,,,,,,,,,,,,,
Seahawks,00-0039456,0.0,Seahawks,-0.01655071719,58.80%,John Rhys Plumlee,QB,0.0172932654659357,2024.0,john rhys plumlee,,john rhys plumlee,,,,,,,,,,,,,,,,,,,,,,,,,,,,,,,,,,,,,,,,,,,,,
Texans,00-0039577,0.0,Texans,0.0006868162663,57.90%,Kedon Slovis,QB,0.0880971025841816,2024.0,kedon slovis,,kedon slovis,,,,,,,,,,,,,,,,,,,,,,,,,,,,,,,,,,,,,,,,,,,,,
Texans,00-0028986,0.0,Texans,0.0006868162663,57.90%,Case Keenum,QB,1.2897866092404071,2024.0,case keenum,case keenum,case keenum,,,,,,,,,,,,,,,,,,,,,,,,,,,,,,,,,,,,,,,,,,,,,
Titans,00-0032156,2.220717548153124,Titans,-0.1290081858,17.70%,Trevor Siemian,QB,0.1084181675802662,2024.0,trevor siemian,trevor siemian,trevor siemian,,,,,,,,,,,,,,,,,,,,,,,,,,,,,,,,,,,,,,,,,,,,,
Vikings,00-0039923,537.5543907208883,Vikings,0.111098585,77.80%,J.J. McCarthy,QB,1.5558335943617854,2024.0,jj mccarthy,,jj mccarthy,,,,,,,,,,,,,,,,,,,,,,,,,,,,,,,,,,,,,,,,,,,,,
Vikings,00-0034955,0.0,Vikings,0.111098585,77.80%,Brett Rypien,QB,0.3856695379796397,2024.0,brett rypien,brett rypien,brett rypien,,,,,,,,,,,,,,,,,,,,,,,,,,,,,,,,,,,,,,,,,,,,,
