Team,Season,Personnel,Plays,Pers. Plays,Rate,EPA,EPA Rank,EPA/Pass,EPA/Rush,Pass Rate,League Avg. Usage,League Avg. EPA
1.Los Angeles Rams,2022,11,"1,001",908,90.71%,-105.13,32,-0.16,-0.05,61.45%,60.44%,-0.01
2.Cincinnati Bengals,2022,11,"1,053",868,82.43%,84.59,3,0.14,0,70.05%,60.44%,-0.01
3.Indianapolis Colts,2022,11,"1,103",849,76.97%,-93.69,30,-0.13,-0.06,65.72%,60.44%,-0.01
4.Minnesota Vikings,2022,11,"1,123",825,73.46%,17.90,11,0.07,-0.10,71.76%,60.44%,-0.01
5.New England Patriots,2022,11,"1,006",738,73.36%,-36.34,25,-0.06,-0.03,65.58%,60.44%,-0.01
6.Philadelphia Eagles,2022,11,"1,124",803,71.44%,51.68,5,0,0.16,59.53%,60.44%,-0.01
7.Washington Commanders,2022,11,"1,140",792,69.47%,-79.36,29,-0.12,-0.07,62.63%,60.44%,-0.01
8.Buffalo Bills,2022,11,"1,037",709,68.37%,108.70,2,0.12,0.22,66.57%,60.44%,-0.01
9.New York Jets,2022,11,"1,074",733,68.25%,-73.48,28,-0.14,0,70.53%,60.44%,-0.01
10.Pittsburgh Steelers,2022,11,"1,109",751,67.72%,-3.41,16,-0.04,0.05,61.78%,60.44%,-0.01
11.Los Angeles Chargers,2022,11,"1,154",781,67.68%,8.47,14,0.02,-0.02,74.39%,60.44%,-0.01
12.Tampa Bay Buccaneers,2022,11,"1,159",783,67.56%,-6.29,17,0.04,-0.14,75.61%,60.44%,-0.01
13.Jacksonville Jaguars,2022,11,"1,072",698,65.11%,45.49,6,0.12,-0.06,70.06%,60.44%,-0.01
14.Carolina Panthers,2022,11,976,633,64.86%,-25.05,21,-0.13,0.10,59.24%,60.44%,-0.01
15.New York Giants,2022,11,"1,089",702,64.46%,21.80,8,-0.02,0.11,62.25%,60.44%,-0.01
16.Arizona Cardinals,2022,11,"1,144",733,64.07%,-35.85,24,-0.08,0.01,66.17%,60.44%,-0.01
17.Las Vegas Raiders,2022,11,"1,049",663,63.20%,-8.07,18,-0.01,-0.01,73%,60.44%,-0.01
18.Detroit Lions,2022,11,"1,092",685,62.73%,58.91,4,0.14,-0.01,64.23%,60.44%,-0.01
19.Dallas Cowboys,2022,11,"1,114",679,60.95%,19.87,10,0.01,0.07,64.36%,60.44%,-0.01
20.Cleveland Browns,2022,11,"1,116",639,57.26%,20.27,9,-0.04,0.14,61.50%,60.44%,-0.01
21.Green Bay Packers,2022,11,"1,051",596,56.71%,-27.80,22,-0.13,0.12,67.45%,60.44%,-0.01
22.Kansas City Chiefs,2022,11,"1,094",611,55.85%,125.81,1,0.25,0.12,67.43%,60.44%,-0.01
23.Denver Broncos,2022,11,"1,078",598,55.47%,-70.41,27,-0.15,-0.03,71.74%,60.44%,-0.01
24.Seattle Seahawks,2022,11,"1,044",561,53.74%,10.63,12,-0.03,0.13,70.41%,60.44%,-0.01
25.Houston Texans,2022,11,"1,015",540,53.20%,-100.51,31,-0.23,-0.08,69.81%,60.44%,-0.01
26.Tennessee Titans,2022,11,992,526,53.02%,-56.01,26,-0.16,-0.02,61.98%,60.44%,-0.01
27.New Orleans Saints,2022,11,"1,015",488,48.08%,-28.99,23,-0.04,-0.10,72.95%,60.44%,-0.01
28.Miami Dolphins,2022,11,"1,009",448,44.40%,10.57,13,0.04,-0.04,76.34%,60.44%,-0.01
29.San Francisco 49ers,2022,11,"1,047",442,42.22%,41.32,7,0.12,0.03,71.72%,60.44%,-0.01
30.Chicago Bears,2022,11,993,403,40.58%,-11.40,20,-0.21,0.19,53.60%,60.44%,-0.01
31.Miami Dolphins,2022,21,"1,009",359,35.58%,34.55,1,0.16,0.03,47.35%,9.10%,0.01
32.Baltimore Ravens,2022,22,"1,052",357,33.94%,18.03,1,0.04,0.05,26.61%,3.56%,-0.16
33.Atlanta Falcons,2022,21,"1,011",333,32.94%,10.61,8,0,0.06,47.15%,9.10%,0.01
34.San Francisco 49ers,2022,21,"1,047",338,32.28%,20.66,3,0.19,-0.04,42.31%,9.10%,0.01
35.Green Bay Packers,2022,12,"1,051",314,29.88%,24.62,3,0.29,-0.07,41.40%,17.31%,0
36.Seattle Seahawks,2022,12,"1,044",310,29.69%,-21.71,28,-0.03,-0.11,53.23%,17.31%,0
37.Kansas City Chiefs,2022,12,"1,094",308,28.15%,43.39,2,0.18,0.07,63.31%,17.31%,0
38.Atlanta Falcons,2022,11,"1,011",259,25.62%,-1.57,15,-0.14,0.20,61%,60.44%,-0.01
39.New Orleans Saints,2022,12,"1,015",254,25.02%,9.46,10,0.12,-0.03,47.24%,17.31%,0
40.Arizona Cardinals,2022,12,"1,144",281,24.56%,-39.51,31,-0.18,-0.10,49.11%,17.31%,0
41.Baltimore Ravens,2022,21,"1,052",258,24.52%,25.59,2,0.09,0.10,42.64%,9.10%,0.01
42.Tennessee Titans,2022,12,992,242,24.40%,11.12,9,0.16,-0.04,42.56%,17.31%,0
43.Baltimore Ravens,2022,12,"1,052",238,22.62%,2.06,17,-0.05,0.20,76.05%,17.31%,0
44.Dallas Cowboys,2022,12,"1,114",250,22.44%,-3.60,21,0.16,-0.12,36.40%,17.31%,0
45.Jacksonville Jaguars,2022,12,"1,072",240,22.39%,11.86,7,0.18,-0.04,41.67%,17.31%,0
46.Washington Commanders,2022,12,"1,140",248,21.75%,7.97,11,0.08,0.01,34.68%,17.31%,0
47.New York Jets,2022,12,"1,074",231,21.51%,-21.22,26,0.02,-0.19,45.89%,17.31%,0
48.Pittsburgh Steelers,2022,12,"1,109",234,21.10%,12.57,5,0.10,0,52.56%,17.31%,0
49.Philadelphia Eagles,2022,12,"1,124",228,20.28%,52.54,1,0.45,0.11,35.96%,17.31%,0
50.Las Vegas Raiders,2022,21,"1,049",212,20.21%,11.32,7,0.10,0.03,32.55%,9.10%,0.01
51.Chicago Bears,2022,21,993,199,20.04%,-12.42,25,-0.36,0.15,42.21%,9.10%,0.01
52.Houston Texans,2022,12,"1,015",201,19.80%,-38.74,30,-0.06,-0.41,62.69%,17.31%,0
53.Chicago Bears,2022,12,993,195,19.64%,-21.29,27,-0.29,0.03,43.08%,17.31%,0
54.Denver Broncos,2022,12,"1,078",207,19.20%,-26.52,29,-0.10,-0.16,52.17%,17.31%,0
55.Carolina Panthers,2022,12,976,180,18.44%,-11.76,24,-0.01,-0.10,37.78%,17.31%,0
56.Los Angeles Chargers,2022,12,"1,154",209,18.11%,4.04,15,0.11,-0.08,53.11%,17.31%,0
57.New York Giants,2022,12,"1,089",197,18.09%,7.14,14,0.10,-0.02,46.70%,17.31%,0
58.New England Patriots,2022,12,"1,006",163,16.20%,-9.47,23,-0.09,-0.04,39.26%,17.31%,0
59.San Francisco 49ers,2022,12,"1,047",166,15.85%,16.38,4,0.27,-0.01,38.55%,17.31%,0
60.Cleveland Browns,2022,12,"1,116",169,15.14%,7.16,13,0.09,-0.01,55.62%,17.31%,0
61.Denver Broncos,2022,21,"1,078",157,14.56%,-8.37,21,0,-0.08,37.58%,9.10%,0.01
62.Indianapolis Colts,2022,12,"1,103",160,14.51%,-51.12,32,-0.41,-0.26,41.88%,17.31%,0
63.Buffalo Bills,2022,21,"1,037",145,13.98%,4.43,9,0.19,-0.17,55.17%,9.10%,0.01
64.Tennessee Titans,2022,13,992,124,12.50%,-5.24,16,0.37,-0.17,24.19%,3.94%,-0.06
65.Tampa Bay Buccaneers,2022,21,"1,159",144,12.42%,-14.28,27,0.14,-0.25,38.89%,9.10%,0.01
66.Baltimore Ravens,2022,11,"1,052",128,12.17%,-9.47,19,-0.14,0.12,75.78%,60.44%,-0.01
67.Minnesota Vikings,2022,12,"1,123",134,11.93%,-8.34,22,-0.10,-0.03,42.54%,17.31%,0
68.Atlanta Falcons,2022,31,"1,011",117,11.57%,-12.08,4,-0.19,-0.08,23.08%,0.40%,-0.05
69.Detroit Lions,2022,12,"1,092",123,11.26%,11.90,6,0.33,-0.12,47.97%,17.31%,0
70.Seattle Seahawks,2022,13,"1,044",116,11.11%,14.53,3,0.37,0,33.62%,3.94%,-0.06
71.Atlanta Falcons,2022,30,"1,011",107,10.58%,-6.86,4,-0.10,-0.05,29.91%,0.33%,-0.06
72.Houston Texans,2022,21,"1,015",106,10.44%,-5.18,19,0.06,-0.13,41.51%,9.10%,0.01
73.Miami Dolphins,2022,12,"1,009",101,10.01%,-18.26,25,-0.17,-0.19,50.50%,17.31%,0
74.Kansas City Chiefs,2022,13,"1,094",105,9.60%,39.69,1,0.57,0.16,53.33%,3.94%,-0.06
75.Chicago Bears,2022,22,993,92,9.26%,-10.72,22,-0.05,-0.14,22.83%,3.56%,-0.16
76.Minnesota Vikings,2022,21,"1,123",104,9.26%,-12.34,24,-0.08,-0.16,49.04%,9.10%,0.01
77.Green Bay Packers,2022,21,"1,051",97,9.23%,3.79,10,0.07,0.01,50.52%,9.10%,0.01
78.New Orleans Saints,2022,13,"1,015",92,9.06%,-2.46,12,0.05,-0.07,36.96%,3.94%,-0.06
79.Atlanta Falcons,2022,20,"1,011",90,8.90%,9.61,2,0.32,0,34.44%,0.77%,-0.01
80.Jacksonville Jaguars,2022,13,"1,072",83,7.74%,-8.23,18,-0.40,-0.04,16.87%,3.94%,-0.06
81.San Francisco 49ers,2022,22,"1,047",80,7.64%,-8.58,19,0.55,-0.26,18.75%,3.56%,-0.16
82.Los Angeles Rams,2022,12,"1,001",74,7.39%,11.86,8,0.40,0.07,28.38%,17.31%,0
83.Atlanta Falcons,2022,22,"1,011",74,7.32%,-6.84,14,-0.03,-0.13,40.54%,3.56%,-0.16
84.Houston Texans,2022,13,"1,015",74,7.29%,-8.95,19,-0.28,0.11,59.46%,3.94%,-0.06
85.Detroit Lions,2022,21,"1,092",78,7.14%,13.99,5,0.42,0,43.59%,9.10%,0.01
86.Dallas Cowboys,2022,13,"1,114",78,7%,1.70,6,-0.14,0.08,25.64%,3.94%,-0.06
87.Philadelphia Eagles,2022,13,"1,124",78,6.94%,-19.30,28,0.41,-0.40,19.23%,3.94%,-0.06
88.Cleveland Browns,2022,13,"1,116",76,6.81%,-10.20,22,-0.11,-0.15,40.79%,3.94%,-0.06
89.Cleveland Browns,2022,12*,"1,116",76,6.81%,0.02,14,-0.15,0.02,14.47%,1.29%,-0.04
90.Cleveland Browns,2022,21,"1,116",73,6.54%,-5.74,20,-0.13,-0.04,39.73%,9.10%,0.01
91.Cincinnati Bengals,2022,12,"1,053",67,6.36%,0.93,19,0.15,-0.05,32.84%,17.31%,0
92.Cincinnati Bengals,2022,12*,"1,053",66,6.27%,-7.47,21,-0.72,-0.07,6.06%,1.29%,-0.04
93.Chicago Bears,2022,13,993,61,6.14%,15.55,2,0.30,0.24,31.15%,3.94%,-0.06
94.Los Angeles Chargers,2022,21,"1,154",67,5.81%,-17.84,29,-0.29,-0.24,50.75%,9.10%,0.01
95.Washington Commanders,2022,13,"1,140",66,5.79%,-13.68,26,-0.61,-0.11,19.70%,3.94%,-0.06
96.New York Giants,2022,13,"1,089",60,5.51%,-9.65,20,0.05,-0.21,20%,3.94%,-0.06
97.Detroit Lions,2022,12*,"1,092",59,5.40%,-17.12,23,-0.89,-0.10,23.73%,1.29%,-0.04
98.New York Giants,2022,21,"1,089",58,5.33%,11.34,6,0.16,0.21,29.31%,9.10%,0.01
99.Tampa Bay Buccaneers,2022,12,"1,159",59,5.09%,1.72,18,0.24,-0.37,66.10%,17.31%,0
100.Houston Texans,2022,22,"1,015",51,5.02%,-17.19,26,-0.90,-0.18,21.57%,3.56%,-0.16
101.Arizona Cardinals,2022,10,"1,144",57,4.98%,-3.55,19,-0.15,0.32,80.70%,0.57%,0.04
102.Las Vegas Raiders,2022,12,"1,049",52,4.96%,2.29,16,0.16,-0.14,61.54%,17.31%,0
103.Carolina Panthers,2022,12*,976,48,4.92%,-3.15,19,-0.91,0.10,16.67%,1.29%,-0.04
104.Tampa Bay Buccaneers,2022,20,"1,159",54,4.66%,2.98,5,0.37,-0.37,57.41%,0.77%,-0.01
105.Denver Broncos,2022,13,"1,078",49,4.55%,-7.19,17,-0.07,-0.21,44.90%,3.94%,-0.06
106.Minnesota Vikings,2022,22,"1,123",51,4.54%,-9.43,20,0,-0.28,33.33%,3.56%,-0.16
107.New Orleans Saints,2022,21,"1,015",46,4.53%,-16.58,28,-0.22,-0.48,45.65%,9.10%,0.01
108.Carolina Panthers,2022,13,976,42,4.30%,-3.79,14,0.08,-0.14,23.81%,3.94%,-0.06
109.Las Vegas Raiders,2022,20*,"1,049",45,4.29%,-0.22,3,-0.35,0.11,24.44%,0.18%,0.02
110.Tampa Bay Buccaneers,2022,22,"1,159",49,4.23%,-7.38,16,0.20,-0.23,18.37%,3.56%,-0.16
111.Denver Broncos,2022,22,"1,078",45,4.17%,-5.78,11,0.08,-0.19,22.22%,3.56%,-0.16
112.Pittsburgh Steelers,2022,21,"1,109",46,4.15%,2.15,12,-0.03,0.07,19.57%,9.10%,0.01
113.Tennessee Titans,2022,21,992,41,4.13%,1.22,15,0.24,-0.14,43.90%,9.10%,0.01
114.Cleveland Browns,2022,11*,"1,116",44,3.94%,-10.87,20,-0.53,-0.16,22.73%,0.84%,-0.15
115.Miami Dolphins,2022,22,"1,009",39,3.87%,-9.93,21,-0.20,-0.27,15.38%,3.56%,-0.16
116.Carolina Panthers,2022,11*,976,36,3.69%,-3.85,15,-0.04,-0.13,27.78%,0.84%,-0.15
117.Buffalo Bills,2022,12,"1,037",38,3.66%,7.37,12,0.23,0.14,57.89%,17.31%,0
118.New York Jets,2022,21,"1,074",38,3.54%,14.39,4,0.35,0.41,47.37%,9.10%,0.01
119.New York Jets,2022,13,"1,074",38,3.54%,-15.14,27,-1.03,-0.20,23.68%,3.94%,-0.06
120.Indianapolis Colts,2022,21,"1,103",39,3.54%,-11.51,23,-0.34,-0.24,56.41%,9.10%,0.01
121.Detroit Lions,2022,13,"1,092",37,3.39%,6.46,4,0.85,-0.19,35.14%,3.94%,-0.06
122.Buffalo Bills,2022,11*,"1,037",35,3.38%,-8.89,19,-0.06,-0.37,37.14%,0.84%,-0.15
123.Los Angeles Chargers,2022,22,"1,154",36,3.12%,-3.57,8,-0.48,-0.04,13.89%,3.56%,-0.16
124.Buffalo Bills,2022,22,"1,037",32,3.09%,-24.56,28,-0.46,-0.84,18.75%,3.56%,-0.16
125.Seattle Seahawks,2022,21,"1,044",31,2.97%,1.37,14,0.33,-0.26,51.61%,9.10%,0.01
126.New Orleans Saints,2022,12*,"1,015",30,2.96%,-1.87,18,1.69,-0.41,16.67%,1.29%,-0.04
127.Los Angeles Chargers,2022,13,"1,154",34,2.95%,-1.98,10,-0.34,0.06,29.41%,3.94%,-0.06
128.New England Patriots,2022,12*,"1,006",29,2.88%,4.52,2,1.58,0.05,6.90%,1.29%,-0.04
129.Buffalo Bills,2022,21*,"1,037",29,2.80%,0.01,5,-0.23,0.01,3.45%,0.31%,-0.19
130.Miami Dolphins,2022,20,"1,009",28,2.78%,7.30,3,0.24,0.31,67.86%,0.77%,-0.01
131.New York Giants,2022,12*,"1,089",30,2.75%,6.22,1,-0.08,0.23,6.67%,1.29%,-0.04
132.Kansas City Chiefs,2022,22,"1,094",30,2.74%,-16.15,25,0.81,-0.69,10%,3.56%,-0.16
133.Buffalo Bills,2022,12*,"1,037",28,2.70%,0.40,12,0.10,0,14.29%,1.29%,-0.04
134.Las Vegas Raiders,2022,22,"1,049",28,2.67%,-7.30,15,-0.53,-0.13,32.14%,3.56%,-0.16
135.Baltimore Ravens,2022,13,"1,052",28,2.66%,-13,25,-0.57,-0.20,71.43%,3.94%,-0.06
136.Dallas Cowboys,2022,21,"1,114",29,2.60%,-0.35,16,0.06,-0.09,51.72%,9.10%,0.01
137.New Orleans Saints,2022,22,"1,015",26,2.56%,-1.20,5,0.53,-0.15,15.38%,3.56%,-0.16
138.Tennessee Titans,2022,22,992,25,2.52%,-8.45,18,-0.40,-0.30,36%,3.56%,-0.16
139.New England Patriots,2022,11*,"1,006",25,2.49%,0.30,7,0.17,-0.03,20%,0.84%,-0.15
140.Green Bay Packers,2022,13,"1,051",25,2.38%,-10.09,21,-0.34,-0.41,12%,3.94%,-0.06
141.Cincinnati Bengals,2022,22,"1,053",25,2.37%,-21.55,27,,-0.86,0%,3.56%,-0.16
142.Pittsburgh Steelers,2022,22,"1,109",26,2.34%,-8.44,17,0.22,-0.45,19.23%,3.56%,-0.16
143.Kansas City Chiefs,2022,21,"1,094",25,2.29%,-5.12,18,-0.52,-0.13,20%,9.10%,0.01
144.Dallas Cowboys,2022,22,"1,114",25,2.24%,-3.86,9,0.14,-0.17,4%,3.56%,-0.16
145.Detroit Lions,2022,22,"1,092",24,2.20%,-13.12,23,0.21,-0.70,16.67%,3.56%,-0.16
146.Carolina Panthers,2022,21,976,21,2.15%,-2.21,17,0.13,-0.32,47.62%,9.10%,0.01
147.New Orleans Saints,2022,11*,"1,015",21,2.07%,-3.34,12,0.20,-0.22,14.29%,0.84%,-0.15
148.Tampa Bay Buccaneers,2022,10,"1,159",23,1.98%,-2.12,18,-0.09,,100%,0.57%,0.04
149.Detroit Lions,2022,10,"1,092",21,1.92%,4.51,4,0.31,-0.18,80.95%,0.57%,0.04
150.Chicago Bears,2022,23,993,19,1.91%,-8.96,12,0.60,-0.67,15.79%,0.19%,-0.20
151.Miami Dolphins,2022,10,"1,009",19,1.88%,10.95,1,0.58,,100%,0.57%,0.04
152.Atlanta Falcons,2022,12,"1,011",19,1.88%,-0.78,20,-0.03,-0.05,63.16%,17.31%,0
153.Arizona Cardinals,2022,21,"1,144",21,1.84%,-14.25,26,-0.88,-0.27,66.67%,9.10%,0.01
154.Arizona Cardinals,2022,13,"1,144",21,1.84%,-12.83,24,-1.06,-0.38,33.33%,3.94%,-0.06
155.Indianapolis Colts,2022,13,"1,103",20,1.81%,-12.78,23,-0.22,-0.87,35%,3.94%,-0.06
156.Las Vegas Raiders,2022,11*,"1,049",18,1.72%,1.56,3,1.31,-0.26,22.22%,0.84%,-0.15
157.Dallas Cowboys,2022,11*,"1,114",19,1.71%,-5.15,16,0.46,-0.53,26.32%,0.84%,-0.15
158.Arizona Cardinals,2022,20,"1,144",19,1.66%,-6.73,19,-0.37,-0.20,89.47%,0.77%,-0.01
159.Detroit Lions,2022,11*,"1,092",18,1.65%,-6.42,18,-0.69,-0.09,44.44%,0.84%,-0.15
160.Denver Broncos,2022,20,"1,078",17,1.58%,-5.80,18,-1.35,-0.03,23.53%,0.77%,-0.01
161.New Orleans Saints,2022,13*,"1,015",16,1.58%,-4.60,9,-0.91,-0.20,12.50%,0.13%,0.08
162.Indianapolis Colts,2022,11*,"1,103",17,1.54%,-2.12,10,-0.12,-0.13,23.53%,0.84%,-0.15
163.Pittsburgh Steelers,2022,11*,"1,109",17,1.53%,1.30,4,-0.58,0.22,17.65%,0.84%,-0.15
164.Baltimore Ravens,2022,02,"1,052",16,1.52%,-10.25,15,-0.65,-0.54,93.75%,0.24%,-0.33
165.Jacksonville Jaguars,2022,21,"1,072",16,1.49%,1.97,13,-0.08,0.28,43.75%,9.10%,0.01
166.Washington Commanders,2022,22,"1,140",17,1.49%,-3.14,7,-0.78,-0.15,5.88%,3.56%,-0.16
167.New England Patriots,2022,01,"1,006",15,1.49%,5.58,1,0.47,-0.93,93.33%,0.20%,0.23
168.New York Giants,2022,10*,"1,089",16,1.47%,-5.97,10,-5.67,-0.02,6.25%,0.14%,0.03
169.Pittsburgh Steelers,2022,13,"1,109",16,1.44%,-3.02,13,-0.09,-0.21,18.75%,3.94%,-0.06
170.Cleveland Browns,2022,22,"1,116",16,1.43%,4.39,2,0.59,0.03,43.75%,3.56%,-0.16
171.New York Jets,2022,22,"1,074",15,1.40%,-5.54,10,-0.40,-0.36,20%,3.56%,-0.16
172.Miami Dolphins,2022,01,"1,009",14,1.39%,5.11,2,0.69,-0.83,78.57%,0.20%,0.23
173.Chicago Bears,2022,31,993,13,1.31%,5.58,1,-0.16,0.80,38.46%,0.40%,-0.05
174.New York Jets,2022,02,"1,074",14,1.30%,1.52,4,0.11,,100%,0.24%,-0.33
175.Detroit Lions,2022,10*,"1,092",14,1.28%,2.19,2,0.34,0.02,42.86%,0.14%,0.03
176.Tampa Bay Buccaneers,2022,20*,"1,159",14,1.21%,-0.29,4,0.61,-0.19,21.43%,0.18%,0.02
177.New England Patriots,2022,22,"1,006",12,1.19%,-6.04,12,2.10,-0.74,8.33%,3.56%,-0.16
178.Cincinnati Bengals,2022,10,"1,053",12,1.14%,-13.52,20,-1.13,,100%,0.57%,0.04
179.Tennessee Titans,2022,02,992,11,1.11%,-12.31,16,-1.18,-0.96,72.73%,0.24%,-0.33
180.Houston Texans,2022,10,"1,015",11,1.08%,4.06,5,0.16,0.73,63.64%,0.57%,0.04
181.Seattle Seahawks,2022,12*,"1,044",11,1.05%,-6.29,20,-0.81,-0.52,18.18%,1.29%,-0.04
182.Tampa Bay Buccaneers,2022,21*,"1,159",12,1.04%,-9.07,15,-1.16,-0.67,16.67%,0.31%,-0.19
183.Carolina Panthers,2022,02,976,10,1.02%,5.29,1,0.43,1.45,90%,0.24%,-0.33
184.Kansas City Chiefs,2022,21*,"1,094",11,1.01%,-1.25,9,0.93,-0.50,27.27%,0.31%,-0.19
185.Los Angeles Rams,2022,10,"1,001",10,1%,5.20,3,0.97,-1.27,80%,0.57%,0.04
186.New England Patriots,2022,21,"1,006",10,0.99%,-10.20,22,-1,-1.05,60%,9.10%,0.01
187.Las Vegas Raiders,2022,21*,"1,049",10,0.95%,10.52,1,7.11,0.38,10%,0.31%,-0.19
188.Jacksonville Jaguars,2022,22,"1,072",10,0.93%,-6.57,13,,-0.66,0%,3.56%,-0.16
189.New Orleans Saints,2022,23,"1,015",9,0.89%,-6.61,11,-0.75,-0.73,11.11%,0.19%,-0.20
190.New Orleans Saints,2022,21*,"1,015",9,0.89%,1.31,3,,0.15,0%,0.31%,-0.19
191.San Francisco 49ers,2022,13,"1,047",9,0.86%,-1.94,9,-1.21,-0.09,11.11%,3.94%,-0.06
192.Indianapolis Colts,2022,22,"1,103",9,0.82%,-14.46,24,-1.49,-1.70,44.44%,3.56%,-0.16
193.Dallas Cowboys,2022,14,"1,114",9,0.81%,-0.01,4,-0.22,0.03,11.11%,0.07%,0.36
194.Seattle Seahawks,2022,22,"1,044",8,0.77%,4.24,3,2.71,0.22,12.50%,3.56%,-0.16
195.Las Vegas Raiders,2022,12*,"1,049",8,0.76%,1.16,9,0.20,0.06,62.50%,1.29%,-0.04
196.Baltimore Ravens,2022,20,"1,052",8,0.76%,-5.76,17,-1.36,-0.33,37.50%,0.77%,-0.01
197.Baltimore Ravens,2022,23,"1,052",8,0.76%,0.98,4,0.33,0.05,25%,0.19%,-0.20
198.New York Giants,2022,11*,"1,089",8,0.73%,-3.49,13,-0.90,-0.28,25%,0.84%,-0.15
199.Detroit Lions,2022,01,"1,092",8,0.73%,-0.45,11,-0.02,-0.30,87.50%,0.20%,0.23
200.Detroit Lions,2022,20,"1,092",8,0.73%,10.34,1,0.78,2.15,62.50%,0.77%,-0.01
201.Detroit Lions,2022,13*,"1,092",8,0.73%,-3.55,8,0.04,-0.60,25%,0.13%,0.08
202.Pittsburgh Steelers,2022,23,"1,109",8,0.72%,-3.20,10,,-0.40,0%,0.19%,-0.20
203.Washington Commanders,2022,01,"1,140",8,0.70%,0.78,7,0.91,-0.39,37.50%,0.20%,0.23
204.Houston Texans,2022,21*,"1,015",7,0.69%,-3.64,12,0.87,-0.75,14.29%,0.31%,-0.19
205.Buffalo Bills,2022,10*,"1,037",7,0.68%,5.44,1,1.37,-0.01,57.14%,0.14%,0.03
206.Buffalo Bills,2022,10,"1,037",7,0.68%,-0.88,13,-0.92,0.19,28.57%,0.57%,0.04
207.San Francisco 49ers,2022,23,"1,047",7,0.67%,3.32,1,1.12,0.37,14.29%,0.19%,-0.20
208.Indianapolis Colts,2022,12*,"1,103",7,0.63%,1.57,7,0.68,0.15,14.29%,1.29%,-0.04
209.Pittsburgh Steelers,2022,12*,"1,109",7,0.63%,0.29,13,,0.04,0%,1.29%,-0.04
210.Houston Texans,2022,12*,"1,015",6,0.59%,-8.66,22,-0.76,-1.58,16.67%,1.29%,-0.04
211.New Orleans Saints,2022,04*,"1,015",6,0.59%,6.73,1,,1.12,0%,0.02%,1.12
212.Las Vegas Raiders,2022,22*,"1,049",6,0.57%,-6.49,16,-3,-0.70,16.67%,0.16%,-0.15
213.Green Bay Packers,2022,10,"1,051",6,0.57%,-0.34,10,-0.06,,100%,0.57%,0.04
214.Jacksonville Jaguars,2022,10,"1,072",6,0.56%,9.21,2,1.70,0.73,83.33%,0.57%,0.04
215.Jacksonville Jaguars,2022,12*,"1,072",6,0.56%,0.49,11,1.34,-0.17,16.67%,1.29%,-0.04
216.Dallas Cowboys,2022,03,"1,114",6,0.54%,2.54,1,0.61,-0.50,83.33%,0.05%,-0.17
217.Dallas Cowboys,2022,13*,"1,114",6,0.54%,3.48,2,0.55,0.59,16.67%,0.13%,0.08
218.Arizona Cardinals,2022,12*,"1,144",6,0.52%,4.13,3,-0.62,0.95,16.67%,1.29%,-0.04
219.Los Angeles Chargers,2022,11*,"1,154",6,0.52%,-3.60,14,-0.07,-1.13,50%,0.84%,-0.15
220.Los Angeles Chargers,2022,22*,"1,154",6,0.52%,5.76,1,0.29,1.30,33.33%,0.16%,-0.15
221.Tampa Bay Buccaneers,2022,01,"1,159",6,0.52%,-1.17,14,-0.20,,100%,0.20%,0.23
222.Tennessee Titans,2022,12*,992,5,0.50%,0.60,10,-0.01,0.63,80%,1.29%,-0.04
223.Tennessee Titans,2022,11*,992,5,0.50%,-2.26,11,-0.60,-0.23,60%,0.84%,-0.15
224.New England Patriots,2022,02,"1,006",5,0.50%,-5.48,14,-1.19,-1.03,40%,0.24%,-0.33
225.Houston Texans,2022,22*,"1,015",5,0.49%,-1.91,13,-1.73,0.52,40%,0.16%,-0.15
226.Green Bay Packers,2022,20,"1,051",5,0.48%,-0.96,11,-0.17,-0.21,40%,0.77%,-0.01
227.Baltimore Ravens,2022,22*,"1,052",5,0.48%,-9.14,17,0.72,-2.46,20%,0.16%,-0.15
228.Jacksonville Jaguars,2022,01,"1,072",5,0.47%,-4.24,15,-0.93,-0.52,80%,0.20%,0.23
229.Detroit Lions,2022,21*,"1,092",5,0.46%,-7.38,13,-0.89,-1.62,20%,0.31%,-0.19
230.Dallas Cowboys,2022,23,"1,114",5,0.45%,-2.11,9,1.38,-0.87,20%,0.19%,-0.20
231.Cleveland Browns,2022,13*,"1,116",5,0.45%,4.41,1,,0.88,0%,0.13%,0.08
232.Cleveland Browns,2022,21*,"1,116",5,0.45%,-1.52,10,,-0.30,0%,0.31%,-0.19
233.Minnesota Vikings,2022,21*,"1,123",5,0.45%,-7.75,14,-6.89,-0.22,20%,0.31%,-0.19
234.Philadelphia Eagles,2022,21,"1,124",5,0.44%,3.29,11,0.55,0.73,40%,9.10%,0.01
235.Arizona Cardinals,2022,22,"1,144",5,0.44%,-1.34,6,0.84,-0.54,20%,3.56%,-0.16
236.Los Angeles Chargers,2022,20,"1,154",5,0.43%,3.64,4,0.74,0.72,40%,0.77%,-0.01
237.New England Patriots,2022,22*,"1,006",4,0.40%,-3.41,14,-2.72,-0.23,25%,0.16%,-0.15
238.Atlanta Falcons,2022,32,"1,011",4,0.40%,2.67,1,0.62,0.69,25%,0.03%,-0.20
239.Houston Texans,2022,11*,"1,015",4,0.39%,0.61,6,0.66,-0.36,50%,0.84%,-0.15
240.New Orleans Saints,2022,14,"1,015",4,0.39%,2.18,2,2.66,-0.16,25%,0.07%,0.36
241.Houston Texans,2022,14,"1,015",4,0.39%,-1.39,5,-0.91,-0.16,25%,0.07%,0.36
242.New Orleans Saints,2022,22*,"1,015",4,0.39%,2.80,3,,0.70,0%,0.16%,-0.15
243.Green Bay Packers,2022,14,"1,051",4,0.38%,6.12,1,2.48,1.21,25%,0.07%,0.36
244.Cincinnati Bengals,2022,11*,"1,053",4,0.38%,3.03,2,1.26,0.59,25%,0.84%,-0.15
245.Jacksonville Jaguars,2022,02,"1,072",4,0.37%,-4.16,13,-1.04,,100%,0.24%,-0.33
246.New York Giants,2022,10,"1,089",4,0.37%,0.09,8,-0.11,0.16,50%,0.57%,0.04
247.Pittsburgh Steelers,2022,22*,"1,109",4,0.36%,-0.35,10,0.08,-0.25,50%,0.16%,-0.15
248.Cleveland Browns,2022,20,"1,116",4,0.36%,-0.14,9,0.41,-0.48,50%,0.77%,-0.01
249.Minnesota Vikings,2022,22*,"1,123",4,0.36%,2.36,4,1.25,0.37,25%,0.16%,-0.15
250.Philadelphia Eagles,2022,10,"1,124",4,0.36%,-1.68,17,-0.76,-0.08,50%,0.57%,0.04
251.Los Angeles Chargers,2022,21*,"1,154",4,0.35%,1.98,2,,0.49,0%,0.31%,-0.19
252.Tampa Bay Buccaneers,2022,00,"1,159",4,0.35%,-5.82,4,-1.46,,100%,0.02%,-1.50
253.Tennessee Titans,2022,21*,992,3,0.30%,-0.92,8,1.13,-1.03,33.33%,0.31%,-0.19
254.Tennessee Titans,2022,13*,992,3,0.30%,3.08,3,,1.03,0%,0.13%,0.08
255.Chicago Bears,2022,32,993,3,0.30%,-1.62,4,-0.54,-0.54,33.33%,0.03%,-0.20
256.Chicago Bears,2022,22*,993,3,0.30%,1.46,6,,0.49,0%,0.16%,-0.15
257.Los Angeles Rams,2022,12*,"1,001",3,0.30%,-0.17,15,,-0.06,0%,1.29%,-0.04
258.Atlanta Falcons,2022,31*,"1,011",3,0.30%,-1.71,1,1.78,-1.75,33.33%,0.01%,-0.16
259.New Orleans Saints,2022,20,"1,015",3,0.30%,-3.54,16,-1.20,-1.13,66.67%,0.77%,-0.01
260.Houston Texans,2022,13*,"1,015",3,0.30%,-4.67,10,,-1.56,0%,0.13%,0.08
261.San Francisco 49ers,2022,02,"1,047",3,0.29%,0.28,5,0.39,-0.50,66.67%,0.24%,-0.33
262.Las Vegas Raiders,2022,20,"1,049",3,0.29%,-1.85,14,-0.62,,100%,0.77%,-0.01
263.Cincinnati Bengals,2022,01,"1,053",3,0.28%,3.17,3,1.06,,100%,0.20%,0.23
264.Cincinnati Bengals,2022,02,"1,053",3,0.28%,3.92,2,-1.52,2.72,33.33%,0.24%,-0.33
265.Jacksonville Jaguars,2022,20,"1,072",3,0.28%,0.43,7,,0.14,0%,0.77%,-0.01
266.New York Jets,2022,12*,"1,074",3,0.28%,1.53,8,1.27,0.13,33.33%,1.29%,-0.04
267.New York Giants,2022,20,"1,089",3,0.28%,-1.35,12,-1.23,-0.06,33.33%,0.77%,-0.01
268.New York Giants,2022,22,"1,089",3,0.28%,1.59,4,,0.53,0%,3.56%,-0.16
269.New York Giants,2022,31,"1,089",3,0.28%,1.43,2,,0.48,0%,0.40%,-0.05
270.Detroit Lions,2022,31,"1,092",3,0.27%,-1.33,3,-0.73,0.12,66.67%,0.40%,-0.05
271.Dallas Cowboys,2022,02,"1,114",3,0.27%,0.06,6,-0.33,0.72,66.67%,0.24%,-0.33
272.Cleveland Browns,2022,03,"1,116",3,0.27%,-2.15,6,-0.72,,100%,0.05%,-0.17
273.Philadelphia Eagles,2022,11*,"1,124",3,0.27%,3.35,1,,1.12,0%,0.84%,-0.15
274.Washington Commanders,2022,20,"1,140",3,0.26%,2.49,6,1.38,-0.27,66.67%,0.77%,-0.01
275.Los Angeles Chargers,2022,12*,"1,154",3,0.26%,2.29,6,,0.76,0%,1.29%,-0.04
276.Tampa Bay Buccaneers,2022,02,"1,159",3,0.26%,-3.95,12,-1.32,,100%,0.24%,-0.33
277.Tampa Bay Buccaneers,2022,12*,"1,159",3,0.26%,-0.72,17,-0.24,,100%,1.29%,-0.04
278.Tampa Bay Buccaneers,2022,22*,"1,159",3,0.26%,-0.33,9,0.50,-0.42,33.33%,0.16%,-0.15
279.Carolina Panthers,2022,10,976,2,0.20%,0.24,6,1.43,-1.20,50%,0.57%,0.04
280.Tennessee Titans,2022,10,992,2,0.20%,-0.44,11,-0.22,,100%,0.57%,0.04
281.Tennessee Titans,2022,23,992,2,0.20%,1.09,3,1.35,-0.26,50%,0.19%,-0.20
282.Tennessee Titans,2022,14,992,2,0.20%,1.43,3,,0.72,0%,0.07%,0.36
283.Chicago Bears,2022,20,993,2,0.20%,-2.45,15,-1,-1.45,50%,0.77%,-0.01
284.Chicago Bears,2022,30,993,2,0.20%,-0.23,2,,-0.12,0%,0.33%,-0.06
285.Los Angeles Rams,2022,10*,"1,001",2,0.20%,-0.60,7,-0.21,-0.39,50%,0.14%,0.03
286.Los Angeles Rams,2022,11*,"1,001",2,0.20%,-0.68,8,,-0.34,0%,0.84%,-0.15
287.New England Patriots,2022,10,"1,006",2,0.20%,-1.53,15,-0.77,,100%,0.57%,0.04
288.New England Patriots,2022,21*,"1,006",2,0.20%,0,6,,0,0%,0.31%,-0.19
289.Atlanta Falcons,2022,21*,"1,011",2,0.20%,-0.49,7,1.24,-1.72,50%,0.31%,-0.19
290.Atlanta Falcons,2022,13,"1,011",2,0.20%,1.36,8,1.41,-0.05,50%,3.94%,-0.06
291.Houston Texans,2022,01,"1,015",2,0.20%,-0.96,13,-0.80,-0.16,50%,0.20%,0.23
292.New Orleans Saints,2022,03,"1,015",2,0.20%,0.65,4,,0.33,0%,0.05%,-0.17
293.New Orleans Saints,2022,04,"1,015",2,0.20%,-0.96,1,,-0.48,0%,0.01%,-0.48
294.Buffalo Bills,2022,20,"1,037",2,0.19%,-1.38,13,-0.84,-0.54,50%,0.77%,-0.01
295.Buffalo Bills,2022,13,"1,037",2,0.19%,-2.37,11,,-1.19,0%,3.94%,-0.06
296.Seattle Seahawks,2022,40,"1,044",2,0.19%,-4.73,1,-4.87,0.13,50%,0.01%,-2.37
297.Seattle Seahawks,2022,20,"1,044",2,0.19%,-8.45,20,,-4.23,0%,0.77%,-0.01
298.San Francisco 49ers,2022,22*,"1,047",2,0.19%,-1.58,12,,-0.79,0%,0.16%,-0.15
299.Las Vegas Raiders,2022,23,"1,049",2,0.19%,0.70,5,0.90,-0.20,50%,0.19%,-0.20
300.Green Bay Packers,2022,23,"1,051",2,0.19%,0,7,,0,0%,0.19%,-0.20
301.Baltimore Ravens,2022,03,"1,052",2,0.19%,-1.62,5,-0.81,,100%,0.05%,-0.17
302.Baltimore Ravens,2022,21*,"1,052",2,0.19%,0.57,4,,0.28,0%,0.31%,-0.19
303.Baltimore Ravens,2022,32,"1,052",2,0.19%,-0.24,3,,-0.12,0%,0.03%,-0.20
304.Cincinnati Bengals,2022,13,"1,053",2,0.19%,2.58,5,1.29,,100%,3.94%,-0.06
305.Denver Broncos,2022,22*,"1,078",2,0.19%,1.79,5,,0.90,0%,0.16%,-0.15
306.New York Giants,2022,02,"1,089",2,0.18%,-2.52,10,-0.64,-1.88,50%,0.24%,-0.33
307.Dallas Cowboys,2022,01,"1,114",2,0.18%,0.54,8,0.27,,100%,0.20%,0.23
308.Dallas Cowboys,2022,10,"1,114",2,0.18%,-1.66,16,-0.83,,100%,0.57%,0.04
309.Cleveland Browns,2022,10*,"1,116",2,0.18%,0.87,4,0.83,0.04,50%,0.14%,0.03
310.Philadelphia Eagles,2022,02,"1,124",2,0.18%,2.64,3,2.55,0.10,50%,0.24%,-0.33
311.Washington Commanders,2022,00,"1,140",2,0.18%,-2.80,2,-0.75,-2.05,50%,0.02%,-1.50
312.Washington Commanders,2022,12*,"1,140",2,0.18%,2.31,5,,1.15,0%,1.29%,-0.04
313.Washington Commanders,2022,10,"1,140",2,0.18%,-1.06,14,,-0.53,0%,0.57%,0.04
314.Los Angeles Chargers,2022,10,"1,154",2,0.17%,-0.15,9,-0.88,0.72,50%,0.57%,0.04
315.Tampa Bay Buccaneers,2022,13,"1,159",2,0.17%,-4.39,15,-4.19,-0.21,50%,3.94%,-0.06
316.Carolina Panthers,2022,01,976,1,0.10%,2.72,5,2.72,,100%,0.20%,0.23
317.Carolina Panthers,2022,03,976,1,0.10%,0.91,3,0.91,,100%,0.05%,-0.17
318.Carolina Panthers,2022,10*,976,1,0.10%,-0.38,6,,-0.38,0%,0.14%,0.03
319.Carolina Panthers,2022,13*,976,1,0.10%,2.37,5,,2.37,0%,0.13%,0.08
320.Tennessee Titans,2022,22*,992,1,0.10%,-3.68,15,,-3.68,0%,0.16%,-0.15
321.Chicago Bears,2022,21*,993,1,0.10%,-2.13,11,-2.13,,100%,0.31%,-0.19
322.Los Angeles Rams,2022,00,"1,001",1,0.10%,-0.01,1,-0.01,,100%,0.02%,-1.50
323.Los Angeles Rams,2022,01,"1,001",1,0.10%,-0.48,12,-0.48,,100%,0.20%,0.23
324.New England Patriots,2022,10*,"1,006",1,0.10%,-0.85,9,,-0.85,0%,0.14%,0.03
325.Miami Dolphins,2022,00,"1,009",1,0.10%,-3.37,3,-3.37,,100%,0.02%,-1.50
326.Atlanta Falcons,2022,23,"1,011",1,0.10%,1.14,2,1.14,,100%,0.19%,-0.20
327.New Orleans Saints,2022,10*,"1,015",1,0.10%,-0.71,8,-0.71,,100%,0.14%,0.03
328.New Orleans Saints,2022,02,"1,015",1,0.10%,-0.26,7,,-0.26,0%,0.24%,-0.33
329.Houston Texans,2022,02,"1,015",1,0.10%,-1.20,8,,-1.20,0%,0.24%,-0.33
330.New Orleans Saints,2022,30,"1,015",1,0.10%,-0.34,3,,-0.34,0%,0.33%,-0.06
331.Buffalo Bills,2022,22*,"1,037",1,0.10%,4.58,2,4.58,,100%,0.16%,-0.15
332.Buffalo Bills,2022,01,"1,037",1,0.10%,1,6,1,,100%,0.20%,0.23
333.Buffalo Bills,2022,20*,"1,037",1,0.10%,0.81,2,,0.81,0%,0.18%,0.02
334.Seattle Seahawks,2022,11*,"1,044",1,0.10%,0.83,5,,0.83,0%,0.84%,-0.15
335.Seattle Seahawks,2022,03,"1,044",1,0.10%,-5.32,7,,-5.32,0%,0.05%,-0.17
336.Seattle Seahawks,2022,20*,"1,044",1,0.10%,1.80,1,,1.80,0%,0.18%,0.02
337.Las Vegas Raiders,2022,13,"1,049",1,0.10%,1.42,7,1.42,,100%,3.94%,-0.06
338.Las Vegas Raiders,2022,32,"1,049",1,0.10%,-4.08,5,,-4.08,0%,0.03%,-0.20
339.Green Bay Packers,2022,11*,"1,051",1,0.10%,-5.99,17,-5.99,,100%,0.84%,-0.15
340.Green Bay Packers,2022,01,"1,051",1,0.10%,0.10,10,0.10,,100%,0.20%,0.23
341.Cincinnati Bengals,2022,13*,"1,053",1,0.09%,2.43,4,2.43,,100%,0.13%,0.08
342.Cincinnati Bengals,2022,20,"1,053",1,0.09%,-0.07,8,,-0.07,0%,0.77%,-0.01
343.Cincinnati Bengals,2022,10*,"1,053",1,0.09%,1.81,3,,1.81,0%,0.14%,0.03
344.Jacksonville Jaguars,2022,11*,"1,072",1,0.09%,-0.71,9,,-0.71,0%,0.84%,-0.15
345.New York Jets,2022,02*,"1,074",1,0.09%,-2.92,1,-2.92,,100%,0%,-2.92
346.New York Jets,2022,03,"1,074",1,0.09%,2.28,2,,2.28,0%,0.05%,-0.17
347.Denver Broncos,2022,12*,"1,078",1,0.09%,-0.37,16,-0.37,,100%,1.29%,-0.04
348.Denver Broncos,2022,02,"1,078",1,0.09%,-2.09,9,-2.09,,100%,0.24%,-0.33
349.Denver Broncos,2022,30,"1,078",1,0.09%,1.19,1,,1.19,0%,0.33%,-0.06
350.New York Giants,2022,32,"1,089",1,0.09%,1.02,2,1.02,,100%,0.03%,-0.20
351.New York Giants,2022,01*,"1,089",1,0.09%,-3.92,2,-3.92,,100%,0.01%,-2.35
352.New York Giants,2022,22*,"1,089",1,0.09%,0.50,8,,0.50,0%,0.16%,-0.15
353.Detroit Lions,2022,22*,"1,092",1,0.09%,-0.45,11,,-0.45,0%,0.16%,-0.15
354.Kansas City Chiefs,2022,23,"1,094",1,0.09%,0.62,6,0.62,,100%,0.19%,-0.20
355.Kansas City Chiefs,2022,13*,"1,094",1,0.09%,-0.36,7,-0.36,,100%,0.13%,0.08
356.Kansas City Chiefs,2022,01*,"1,094",1,0.09%,-3.52,1,-3.52,,100%,0.01%,-2.35
357.Kansas City Chiefs,2022,01,"1,094",1,0.09%,0.46,9,,0.46,0%,0.20%,0.23
358.Indianapolis Colts,2022,10,"1,103",1,0.09%,0.16,7,0.16,,100%,0.57%,0.04
359.Indianapolis Colts,2022,10*,"1,103",1,0.09%,-0.33,5,,-0.33,0%,0.14%,0.03
360.Dallas Cowboys,2022,20,"1,114",1,0.09%,-0.64,10,,-0.64,0%,0.77%,-0.01
361.Cleveland Browns,2022,10,"1,116",1,0.09%,-0.55,12,-0.55,,100%,0.57%,0.04
362.Cleveland Browns,2022,22*,"1,116",1,0.09%,0.69,7,0.69,,100%,0.16%,-0.15
363.Cleveland Browns,2022,02,"1,116",1,0.09%,-2.67,11,-2.67,,100%,0.24%,-0.33
364.Cleveland Browns,2022,20*,"1,116",1,0.09%,-1,5,,-1,0%,0.18%,0.02
365.Philadelphia Eagles,2022,12*,"1,124",1,0.09%,3.69,4,,3.69,0%,1.29%,-0.04
366.Arizona Cardinals,2022,01,"1,144",1,0.09%,2.86,4,2.86,,100%,0.20%,0.23
367.Los Angeles Chargers,2022,23,"1,154",1,0.09%,-0.23,8,-0.23,,100%,0.19%,-0.20
